DateKey,FullDateAlternateKey,DayNumberOfWeek,DayNameOfWeek,DayNumberOfMonth,DayNumberOfYear,WeekNumberOfYear,MonthName,MonthNumberOfYear,CalendarQuarter,CalendarYear,CalendarSemester,FiscalQuarter,FiscalYear,FiscalSemester
20101104,2010-11-04,5,Thursday,4,308,44,November,11,4,2010,2,2,2011,1
20071007,2007-10-07,1,Sunday,7,280,41,October,10,4,2007,2,2,2008,1
20060628,2006-06-28,4,Wednesday,28,179,26,June,6,2,2006,1,4,2006,2
20060126,2006-01-26,5,Thursday,26,26,4,January,1,1,2006,1,3,2006,2
20070412,2007-04-12,5,Thursday,12,102,15,April,4,2,2007,1,4,2007,2
20080531,2008-05-31,7,Saturday,31,152,23,May,5,2,2008,1,4,2008,2
20050729,2005-07-29,6,Friday,29,210,31,July,7,3,2005,2,1,2006,1
20061126,2006-11-26,1,Sunday,26,330,48,November,11,4,2006,2,2,2007,1
20101105,2010-11-05,6,Friday,5,309,45,November,11,4,2010,2,2,2011,1
20070302,2007-03-02,6,Friday,2,61,10,March,3,1,2007,1,3,2007,2
20060109,2006-01-09,2,Monday,9,9,2,January,1,1,2006,1,3,2006,2
20080506,2008-05-06,3,Tuesday,6,127,19,May,5,2,2008,1,4,2008,2
20060424,2006-04-24,2,Monday,24,114,17,April,4,2,2006,1,4,2006,2
20060422,2006-04-22,7,Saturday,22,112,17,April,4,2,2006,1,4,2006,2
20080118,2008-01-18,6,Friday,18,18,4,January,1,1,2008,1,3,2008,2
20070718,2007-07-18,4,Wednesday,18,199,29,July,7,3,2007,2,1,2008,1
20060203,2006-02-03,6,Friday,3,34,6,February,2,1,2006,1,3,2006,2
20060821,2006-08-21,2,Monday,21,233,34,August,8,3,2006,2,1,2007,1
20080529,2008-05-29,5,Thursday,29,150,22,May,5,2,2008,1,4,2008,2
20061115,2006-11-15,4,Wednesday,15,319,46,November,11,4,2006,2,2,2007,1
20101108,2010-11-08,2,Monday,8,312,45,November,11,4,2010,2,2,2011,1
20070126,2007-01-26,6,Friday,26,26,5,January,1,1,2007,1,3,2007,2
20060517,2006-05-17,4,Wednesday,17,137,20,May,5,2,2006,1,4,2006,2
20070524,2007-05-24,5,Thursday,24,144,21,May,5,2,2007,1,4,2007,2
20080528,2008-05-28,4,Wednesday,28,149,22,May,5,2,2008,1,4,2008,2
20101116,2010-11-16,3,Tuesday,16,320,46,November,11,4,2010,2,2,2011,1
20060908,2006-09-08,6,Friday,8,251,37,September,9,3,2006,2,1,2007,1
20071218,2007-12-18,3,Tuesday,18,352,51,December,12,4,2007,2,2,2008,1
20070110,2007-01-10,4,Wednesday,10,10,2,January,1,1,2007,1,3,2007,2
20070620,2007-06-20,4,Wednesday,20,171,25,June,6,2,2007,1,4,2007,2
20050909,2005-09-09,6,Friday,9,252,37,September,9,3,2005,2,1,2006,1
20060927,2006-09-27,4,Wednesday,27,270,39,September,9,3,2006,2,1,2007,1
20060629,2006-06-29,5,Thursday,29,180,26,June,6,2,2006,1,4,2006,2
20060615,2006-06-15,5,Thursday,15,166,24,June,6,2,2006,1,4,2006,2
20070322,2007-03-22,5,Thursday,22,81,12,March,3,1,2007,1,3,2007,2
20070630,2007-06-30,7,Saturday,30,181,27,June,6,2,2007,1,4,2007,2
20060921,2006-09-21,5,Thursday,21,264,38,September,9,3,2006,2,1,2007,1
20050828,2005-08-28,1,Sunday,28,240,35,August,8,3,2005,2,1,2006,1
20070918,2007-09-18,3,Tuesday,18,261,38,September,9,3,2007,2,1,2008,1
20051225,2005-12-25,1,Sunday,25,359,52,December,12,4,2005,2,2,2006,1
20050831,2005-08-31,4,Wednesday,31,243,35,August,8,3,2005,2,1,2006,1
20060624,2006-06-24,7,Saturday,24,175,26,June,6,2,2006,1,4,2006,2
20060720,2006-07-20,5,Thursday,20,201,29,July,7,3,2006,2,1,2007,1
20070930,2007-09-30,1,Sunday,30,273,40,September,9,3,2007,2,1,2008,1
20080406,2008-04-06,1,Sunday,6,97,15,April,4,2,2008,1,4,2008,2
20061105,2006-11-05,1,Sunday,5,309,45,November,11,4,2006,2,2,2007,1
20060218,2006-02-18,7,Saturday,18,49,8,February,2,1,2006,1,3,2006,2
20071212,2007-12-12,4,Wednesday,12,346,50,December,12,4,2007,2,2,2008,1
20060404,2006-04-04,3,Tuesday,4,94,14,April,4,2,2006,1,4,2006,2
20070709,2007-07-09,2,Monday,9,190,28,July,7,3,2007,2,1,2008,1
20051024,2005-10-24,2,Monday,24,297,43,October,10,4,2005,2,2,2006,1
20070131,2007-01-31,4,Wednesday,31,31,5,January,1,1,2007,1,3,2007,2
20070519,2007-05-19,7,Saturday,19,139,21,May,5,2,2007,1,4,2007,2
20080228,2008-02-28,5,Thursday,28,59,9,February,2,1,2008,1,3,2008,2
20070820,2007-08-20,2,Monday,20,232,34,August,8,3,2007,2,1,2008,1
20080331,2008-03-31,2,Monday,31,91,14,March,3,1,2008,1,3,2008,2
20070602,2007-06-02,7,Saturday,2,153,23,June,6,2,2007,1,4,2007,2
20051221,2005-12-21,4,Wednesday,21,355,51,December,12,4,2005,2,2,2006,1
20061008,2006-10-08,1,Sunday,8,281,41,October,10,4,2006,2,2,2007,1
20070226,2007-02-26,2,Monday,26,57,9,February,2,1,2007,1,3,2007,2
20071217,2007-12-17,2,Monday,17,351,51,December,12,4,2007,2,2,2008,1
20070312,2007-03-12,2,Monday,12,71,11,March,3,1,2007,1,3,2007,2
20060530,2006-05-30,3,Tuesday,30,150,22,May,5,2,2006,1,4,2006,2
20080519,2008-05-19,2,Monday,19,140,21,May,5,2,2008,1,4,2008,2
20071118,2007-11-18,1,Sunday,18,322,47,November,11,4,2007,2,2,2008,1
20071201,2007-12-01,7,Saturday,1,335,49,December,12,4,2007,2,2,2008,1
20070217,2007-02-17,7,Saturday,17,48,8,February,2,1,2007,1,3,2007,2
20060421,2006-04-21,6,Friday,21,111,17,April,4,2,2006,1,4,2006,2
20050924,2005-09-24,7,Saturday,24,267,39,September,9,3,2005,2,1,2006,1
20051021,2005-10-21,6,Friday,21,294,43,October,10,4,2005,2,2,2006,1
20070821,2007-08-21,3,Tuesday,21,233,34,August,8,3,2007,2,1,2008,1
20071112,2007-11-12,2,Monday,12,316,46,November,11,4,2007,2,2,2008,1
20060807,2006-08-07,2,Monday,7,219,32,August,8,3,2006,2,1,2007,1
20061212,2006-12-12,3,Tuesday,12,346,50,December,12,4,2006,2,2,2007,1
20050714,2005-07-14,5,Thursday,14,195,28,July,7,3,2005,2,1,2006,1
20060215,2006-02-15,4,Wednesday,15,46,7,February,2,1,2006,1,3,2006,2
20060723,2006-07-23,1,Sunday,23,204,30,July,7,3,2006,2,1,2007,1
20070409,2007-04-09,2,Monday,9,99,15,April,4,2,2007,1,4,2007,2
20060127,2006-01-27,6,Friday,27,27,5,January,1,1,2006,1,3,2006,2
20080622,2008-06-22,1,Sunday,22,174,26,June,6,2,2008,1,4,2008,2
20070719,2007-07-19,5,Thursday,19,200,29,July,7,3,2007,2,1,2008,1
20050703,2005-07-03,1,Sunday,3,184,27,July,7,3,2005,2,1,2006,1
20070809,2007-08-09,5,Thursday,9,221,32,August,8,3,2007,2,1,2008,1
20061209,2006-12-09,7,Saturday,9,343,50,December,12,4,2006,2,2,2007,1
20070613,2007-06-13,4,Wednesday,13,164,24,June,6,2,2007,1,4,2007,2
20060919,2006-09-19,3,Tuesday,19,262,38,September,9,3,2006,2,1,2007,1
20051203,2005-12-03,7,Saturday,3,337,49,December,12,4,2005,2,2,2006,1
20060302,2006-03-02,5,Thursday,2,61,9,March,3,1,2006,1,3,2006,2
20070521,2007-05-21,2,Monday,21,141,21,May,5,2,2007,1,4,2007,2
20080114,2008-01-14,2,Monday,14,14,3,January,1,1,2008,1,3,2008,2
20050823,2005-08-23,3,Tuesday,23,235,34,August,8,3,2005,2,1,2006,1
20080526,2008-05-26,2,Monday,26,147,22,May,5,2,2008,1,4,2008,2
20080607,2008-06-07,7,Saturday,7,159,24,June,6,2,2008,1,4,2008,2
20060101,2006-01-01,1,Sunday,1,1,1,January,1,1,2006,1,3,2006,2
20061016,2006-10-16,2,Monday,16,289,42,October,10,4,2006,2,2,2007,1
20070121,2007-01-21,1,Sunday,21,21,4,January,1,1,2007,1,3,2007,2
20070715,2007-07-15,1,Sunday,15,196,29,July,7,3,2007,2,1,2008,1
20050713,2005-07-13,4,Wednesday,13,194,28,July,7,3,2005,2,1,2006,1
20070829,2007-08-29,4,Wednesday,29,241,35,August,8,3,2007,2,1,2008,1
20050730,2005-07-30,7,Saturday,30,211,31,July,7,3,2005,2,1,2006,1
20060122,2006-01-22,1,Sunday,22,22,4,January,1,1,2006,1,3,2006,2
20070313,2007-03-13,3,Tuesday,13,72,11,March,3,1,2007,1,3,2007,2
20070320,2007-03-20,3,Tuesday,20,79,12,March,3,1,2007,1,3,2007,2
20070205,2007-02-05,2,Monday,5,36,6,February,2,1,2007,1,3,2007,2
20051215,2005-12-15,5,Thursday,15,349,50,December,12,4,2005,2,2,2006,1
20050725,2005-07-25,2,Monday,25,206,30,July,7,3,2005,2,1,2006,1
20060510,2006-05-10,4,Wednesday,10,130,19,May,5,2,2006,1,4,2006,2
20060322,2006-03-22,4,Wednesday,22,81,12,March,3,1,2006,1,3,2006,2
20070119,2007-01-19,6,Friday,19,19,4,January,1,1,2007,1,3,2007,2
20080424,2008-04-24,5,Thursday,24,115,17,April,4,2,2008,1,4,2008,2
20060202,2006-02-02,5,Thursday,2,33,5,February,2,1,2006,1,3,2006,2
20080318,2008-03-18,3,Tuesday,18,78,12,March,3,1,2008,1,3,2008,2
20070509,2007-05-09,4,Wednesday,9,129,19,May,5,2,2007,1,4,2007,2
20061213,2006-12-13,4,Wednesday,13,347,50,December,12,4,2006,2,2,2007,1
20061224,2006-12-24,1,Sunday,24,358,52,December,12,4,2006,2,2,2007,1
20060209,2006-02-09,5,Thursday,9,40,6,February,2,1,2006,1,3,2006,2
20070417,2007-04-17,3,Tuesday,17,107,16,April,4,2,2007,1,4,2007,2
20080120,2008-01-20,1,Sunday,20,20,4,January,1,1,2008,1,3,2008,2
20060115,2006-01-15,1,Sunday,15,15,3,January,1,1,2006,1,3,2006,2
20080414,2008-04-14,2,Monday,14,105,16,April,4,2,2008,1,4,2008,2
20060926,2006-09-26,3,Tuesday,26,269,39,September,9,3,2006,2,1,2007,1
20061227,2006-12-27,4,Wednesday,27,361,52,December,12,4,2006,2,2,2007,1
20101130,2010-11-30,3,Tuesday,30,334,48,November,11,4,2010,2,2,2011,1
20061117,2006-11-17,6,Friday,17,321,46,November,11,4,2006,2,2,2007,1
20080719,2008-07-19,7,Saturday,19,201,30,July,7,3,2008,2,1,2009,1
20070115,2007-01-15,2,Monday,15,15,3,January,1,1,2007,1,3,2007,2
20070705,2007-07-05,5,Thursday,5,186,27,July,7,3,2007,2,1,2008,1
20051218,2005-12-18,1,Sunday,18,352,51,December,12,4,2005,2,2,2006,1
20070117,2007-01-17,4,Wednesday,17,17,3,January,1,1,2007,1,3,2007,2
20051214,2005-12-14,4,Wednesday,14,348,50,December,12,4,2005,2,2,2006,1
20061114,2006-11-14,3,Tuesday,14,318,46,November,11,4,2006,2,2,2007,1
20070207,2007-02-07,4,Wednesday,7,38,6,February,2,1,2007,1,3,2007,2
20071003,2007-10-03,4,Wednesday,3,276,40,October,10,4,2007,2,2,2008,1
20070510,2007-05-10,5,Thursday,10,130,19,May,5,2,2007,1,4,2007,2
20080621,2008-06-21,7,Saturday,21,173,26,June,6,2,2008,1,4,2008,2
20070109,2007-01-09,3,Tuesday,9,9,2,January,1,1,2007,1,3,2007,2
20080712,2008-07-12,7,Saturday,12,194,29,July,7,3,2008,2,1,2009,1
20080601,2008-06-01,1,Sunday,1,153,23,June,6,2,2008,1,4,2008,2
20051216,2005-12-16,6,Friday,16,350,51,December,12,4,2005,2,2,2006,1
20080728,2008-07-28,2,Monday,28,210,31,July,7,3,2008,2,1,2009,1
20050712,2005-07-12,3,Tuesday,12,193,28,July,7,3,2005,2,1,2006,1
20080311,2008-03-11,3,Tuesday,11,71,11,March,3,1,2008,1,3,2008,2
20051125,2005-11-25,6,Friday,25,329,48,November,11,4,2005,2,2,2006,1
20061012,2006-10-12,5,Thursday,12,285,41,October,10,4,2006,2,2,2007,1
20051126,2005-11-26,7,Saturday,26,330,48,November,11,4,2005,2,2,2006,1
20070124,2007-01-24,4,Wednesday,24,24,4,January,1,1,2007,1,3,2007,2
20061026,2006-10-26,5,Thursday,26,299,43,October,10,4,2006,2,2,2007,1
20051104,2005-11-04,6,Friday,4,308,45,November,11,4,2005,2,2,2006,1
20060112,2006-01-12,5,Thursday,12,12,2,January,1,1,2006,1,3,2006,2
20080115,2008-01-15,3,Tuesday,15,15,3,January,1,1,2008,1,3,2008,2
20050726,2005-07-26,3,Tuesday,26,207,30,July,7,3,2005,2,1,2006,1
20060721,2006-07-21,6,Friday,21,202,30,July,7,3,2006,2,1,2007,1
20080215,2008-02-15,6,Friday,15,46,8,February,2,1,2008,1,3,2008,2
20060802,2006-08-02,4,Wednesday,2,214,31,August,8,3,2006,2,1,2007,1
20101111,2010-11-11,5,Thursday,11,315,45,November,11,4,2010,2,2,2011,1
20060324,2006-03-24,6,Friday,24,83,13,March,3,1,2006,1,3,2006,2
20080618,2008-06-18,4,Wednesday,18,170,25,June,6,2,2008,1,4,2008,2
20060814,2006-08-14,2,Monday,14,226,33,August,8,3,2006,2,1,2007,1
20101118,2010-11-18,5,Thursday,18,322,46,November,11,4,2010,2,2,2011,1
20060623,2006-06-23,6,Friday,23,174,26,June,6,2,2006,1,4,2006,2
20080429,2008-04-29,3,Tuesday,29,120,18,April,4,2,2008,1,4,2008,2
20080517,2008-05-17,7,Saturday,17,138,21,May,5,2,2008,1,4,2008,2
20080805,2008-08-05,3,Tuesday,5,218,32,August,8,3,2008,2,1,2009,1
20070305,2007-03-05,2,Monday,5,64,10,March,3,1,2007,1,3,2007,2
20070502,2007-05-02,4,Wednesday,2,122,18,May,5,2,2007,1,4,2007,2
20061011,2006-10-11,4,Wednesday,11,284,41,October,10,4,2006,2,2,2007,1
20061031,2006-10-31,3,Tuesday,31,304,44,October,10,4,2006,2,2,2007,1
20060730,2006-07-30,1,Sunday,30,211,31,July,7,3,2006,2,1,2007,1
20060512,2006-05-12,6,Friday,12,132,20,May,5,2,2006,1,4,2006,2
20080725,2008-07-25,6,Friday,25,207,31,July,7,3,2008,2,1,2009,1
20080729,2008-07-29,3,Tuesday,29,211,31,July,7,3,2008,2,1,2009,1
20071221,2007-12-21,6,Friday,21,355,52,December,12,4,2007,2,2,2008,1
20061116,2006-11-16,5,Thursday,16,320,46,November,11,4,2006,2,2,2007,1
20070909,2007-09-09,1,Sunday,9,252,37,September,9,3,2007,2,1,2008,1
20080326,2008-03-26,4,Wednesday,26,86,13,March,3,1,2008,1,3,2008,2
20060522,2006-05-22,2,Monday,22,142,21,May,5,2,2006,1,4,2006,2
20080706,2008-07-06,1,Sunday,6,188,28,July,7,3,2008,2,1,2009,1
20060228,2006-02-28,3,Tuesday,28,59,9,February,2,1,2006,1,3,2006,2
20070308,2007-03-08,5,Thursday,8,67,10,March,3,1,2007,1,3,2007,2
20070804,2007-08-04,7,Saturday,4,216,32,August,8,3,2007,2,1,2008,1
20070901,2007-09-01,7,Saturday,1,244,36,September,9,3,2007,2,1,2008,1
20080125,2008-01-25,6,Friday,25,25,5,January,1,1,2008,1,3,2008,2
20080804,2008-08-04,2,Monday,4,217,32,August,8,3,2008,2,1,2009,1
20050923,2005-09-23,6,Friday,23,266,39,September,9,3,2005,2,1,2006,1
20071029,2007-10-29,2,Monday,29,302,44,October,10,4,2007,2,2,2008,1
20061210,2006-12-10,1,Sunday,10,344,50,December,12,4,2006,2,2,2007,1
20060603,2006-06-03,7,Saturday,3,154,23,June,6,2,2006,1,4,2006,2
20050928,2005-09-28,4,Wednesday,28,271,39,September,9,3,2005,2,1,2006,1
20051015,2005-10-15,7,Saturday,15,288,42,October,10,4,2005,2,2,2006,1
20060226,2006-02-26,1,Sunday,26,57,9,February,2,1,2006,1,3,2006,2
20071014,2007-10-14,1,Sunday,14,287,42,October,10,4,2007,2,2,2008,1
20060830,2006-08-30,4,Wednesday,30,242,35,August,8,3,2006,2,1,2007,1
20070802,2007-08-02,5,Thursday,2,214,31,August,8,3,2007,2,1,2008,1
20051121,2005-11-21,2,Monday,21,325,47,November,11,4,2005,2,2,2006,1
20070921,2007-09-21,6,Friday,21,264,39,September,9,3,2007,2,1,2008,1
20071106,2007-11-06,3,Tuesday,6,310,45,November,11,4,2007,2,2,2008,1
20080226,2008-02-26,3,Tuesday,26,57,9,February,2,1,2008,1,3,2008,2
20070612,2007-06-12,3,Tuesday,12,163,24,June,6,2,2007,1,4,2007,2
20080309,2008-03-09,1,Sunday,9,69,11,March,3,1,2008,1,3,2008,2
20060330,2006-03-30,5,Thursday,30,89,13,March,3,1,2006,1,3,2006,2
20051117,2005-11-17,5,Thursday,17,321,46,November,11,4,2005,2,2,2006,1
20070414,2007-04-14,7,Saturday,14,104,16,April,4,2,2007,1,4,2007,2
20061218,2006-12-18,2,Monday,18,352,51,December,12,4,2006,2,2,2007,1
20060706,2006-07-06,5,Thursday,6,187,27,July,7,3,2006,2,1,2007,1
20070726,2007-07-26,5,Thursday,26,207,30,July,7,3,2007,2,1,2008,1
20060525,2006-05-25,5,Thursday,25,145,21,May,5,2,2006,1,4,2006,2
20060702,2006-07-02,1,Sunday,2,183,27,July,7,3,2006,2,1,2007,1
20061226,2006-12-26,3,Tuesday,26,360,52,December,12,4,2006,2,2,2007,1
20051227,2005-12-27,3,Tuesday,27,361,52,December,12,4,2005,2,2,2006,1
20051020,2005-10-20,5,Thursday,20,293,42,October,10,4,2005,2,2,2006,1
20080502,2008-05-02,6,Friday,2,123,19,May,5,2,2008,1,4,2008,2
20060410,2006-04-10,2,Monday,10,100,15,April,4,2,2006,1,4,2006,2
20060406,2006-04-06,5,Thursday,6,96,14,April,4,2,2006,1,4,2006,2
20080831,2008-08-31,1,Sunday,31,244,36,August,8,3,2008,2,1,2009,1
20080409,2008-04-09,4,Wednesday,9,100,15,April,4,2,2008,1,4,2008,2
20080304,2008-03-04,3,Tuesday,4,64,10,March,3,1,2008,1,3,2008,2
20060902,2006-09-02,7,Saturday,2,245,36,September,9,3,2006,2,1,2007,1
20080315,2008-03-15,7,Saturday,15,75,12,March,3,1,2008,1,3,2008,2
20101128,2010-11-28,1,Sunday,28,332,48,November,11,4,2010,2,2,2011,1
20060524,2006-05-24,4,Wednesday,24,144,21,May,5,2,2006,1,4,2006,2
20051208,2005-12-08,5,Thursday,8,342,49,December,12,4,2005,2,2,2006,1
20080727,2008-07-27,1,Sunday,27,209,31,July,7,3,2008,2,1,2009,1
20070402,2007-04-02,2,Monday,2,92,14,April,4,2,2007,1,4,2007,2
20071208,2007-12-08,7,Saturday,8,342,50,December,12,4,2007,2,2,2008,1
20060507,2006-05-07,1,Sunday,7,127,19,May,5,2,2006,1,4,2006,2
20050806,2005-08-06,7,Saturday,6,218,32,August,8,3,2005,2,1,2006,1
20070114,2007-01-14,1,Sunday,14,14,3,January,1,1,2007,1,3,2007,2
20070428,2007-04-28,7,Saturday,28,118,18,April,4,2,2007,1,4,2007,2
20070926,2007-09-26,4,Wednesday,26,269,39,September,9,3,2007,2,1,2008,1
20080305,2008-03-05,4,Wednesday,5,65,10,March,3,1,2008,1,3,2008,2
20070410,2007-04-10,3,Tuesday,10,100,15,April,4,2,2007,1,4,2007,2
20070902,2007-09-02,1,Sunday,2,245,36,September,9,3,2007,2,1,2008,1
20050818,2005-08-18,5,Thursday,18,230,33,August,8,3,2005,2,1,2006,1
20071111,2007-11-11,1,Sunday,11,315,46,November,11,4,2007,2,2,2008,1
20070425,2007-04-25,4,Wednesday,25,115,17,April,4,2,2007,1,4,2007,2
20050929,2005-09-29,5,Thursday,29,272,39,September,9,3,2005,2,1,2006,1
20070915,2007-09-15,7,Saturday,15,258,38,September,9,3,2007,2,1,2008,1
20060104,2006-01-04,4,Wednesday,4,4,1,January,1,1,2006,1,3,2006,2
20061119,2006-11-19,1,Sunday,19,323,47,November,11,4,2006,2,2,2007,1
20071101,2007-11-01,5,Thursday,1,305,44,November,11,4,2007,2,2,2008,1
20071126,2007-11-26,2,Monday,26,330,48,November,11,4,2007,2,2,2008,1
20061108,2006-11-08,4,Wednesday,8,312,45,November,11,4,2006,2,2,2007,1
20080617,2008-06-17,3,Tuesday,17,169,25,June,6,2,2008,1,4,2008,2
20051226,2005-12-26,2,Monday,26,360,52,December,12,4,2005,2,2,2006,1
20061017,2006-10-17,3,Tuesday,17,290,42,October,10,4,2006,2,2,2007,1
20060809,2006-08-09,4,Wednesday,9,221,32,August,8,3,2006,2,1,2007,1
20080307,2008-03-07,6,Friday,7,67,11,March,3,1,2008,1,3,2008,2
20060407,2006-04-07,6,Friday,7,97,15,April,4,2,2006,1,4,2006,2
20051031,2005-10-31,2,Monday,31,304,44,October,10,4,2005,2,2,2006,1
20060911,2006-09-11,2,Monday,11,254,37,September,9,3,2006,2,1,2007,1
20080819,2008-08-19,3,Tuesday,19,232,34,August,8,3,2008,2,1,2009,1
20070429,2007-04-29,1,Sunday,29,119,18,April,4,2,2007,1,4,2007,2
20050808,2005-08-08,2,Monday,8,220,32,August,8,3,2005,2,1,2006,1
20080206,2008-02-06,4,Wednesday,6,37,6,February,2,1,2008,1,3,2008,2
20060930,2006-09-30,7,Saturday,30,273,40,September,9,3,2006,2,1,2007,1
20050812,2005-08-12,6,Friday,12,224,33,August,8,3,2005,2,1,2006,1
20071010,2007-10-10,4,Wednesday,10,283,41,October,10,4,2007,2,2,2008,1
20070212,2007-02-12,2,Monday,12,43,7,February,2,1,2007,1,3,2007,2
20060331,2006-03-31,6,Friday,31,90,14,March,3,1,2006,1,3,2006,2
20071129,2007-11-29,5,Thursday,29,333,48,November,11,4,2007,2,2,2008,1
20051129,2005-11-29,3,Tuesday,29,333,48,November,11,4,2005,2,2,2006,1
20070910,2007-09-10,2,Monday,10,253,37,September,9,3,2007,2,1,2008,1
20080624,2008-06-24,3,Tuesday,24,176,26,June,6,2,2008,1,4,2008,2
20060307,2006-03-07,3,Tuesday,7,66,10,March,3,1,2006,1,3,2006,2
20060611,2006-06-11,1,Sunday,11,162,24,June,6,2,2006,1,4,2006,2
20060801,2006-08-01,3,Tuesday,1,213,31,August,8,3,2006,2,1,2007,1
20080107,2008-01-07,2,Monday,7,7,2,January,1,1,2008,1,3,2008,2
20080313,2008-03-13,5,Thursday,13,73,11,March,3,1,2008,1,3,2008,2
20051107,2005-11-07,2,Monday,7,311,45,November,11,4,2005,2,2,2006,1
20071205,2007-12-05,4,Wednesday,5,339,49,December,12,4,2007,2,2,2008,1
20070606,2007-06-06,4,Wednesday,6,157,23,June,6,2,2007,1,4,2007,2
20071128,2007-11-28,4,Wednesday,28,332,48,November,11,4,2007,2,2,2008,1
20061109,2006-11-09,5,Thursday,9,313,45,November,11,4,2006,2,2,2007,1
20051103,2005-11-03,5,Thursday,3,307,44,November,11,4,2005,2,2,2006,1
20060514,2006-05-14,1,Sunday,14,134,20,May,5,2,2006,1,4,2006,2
20071110,2007-11-10,7,Saturday,10,314,46,November,11,4,2007,2,2,2008,1
20061225,2006-12-25,2,Monday,25,359,52,December,12,4,2006,2,2,2007,1
20060529,2006-05-29,2,Monday,29,149,22,May,5,2,2006,1,4,2006,2
20060619,2006-06-19,2,Monday,19,170,25,June,6,2,2006,1,4,2006,2
20070311,2007-03-11,1,Sunday,11,70,11,March,3,1,2007,1,3,2007,2
20070316,2007-03-16,6,Friday,16,75,12,March,3,1,2007,1,3,2007,2
20070710,2007-07-10,3,Tuesday,10,191,28,July,7,3,2007,2,1,2008,1
20070415,2007-04-15,1,Sunday,15,105,16,April,4,2,2007,1,4,2007,2
20060604,2006-06-04,1,Sunday,4,155,23,June,6,2,2006,1,4,2006,2
20101101,2010-11-01,2,Monday,1,305,44,November,11,4,2010,2,2,2011,1
20080512,2008-05-12,2,Monday,12,133,20,May,5,2,2008,1,4,2008,2
20080827,2008-08-27,4,Wednesday,27,240,35,August,8,3,2008,2,1,2009,1
20080810,2008-08-10,1,Sunday,10,223,33,August,8,3,2008,2,1,2009,1
20050809,2005-08-09,3,Tuesday,9,221,32,August,8,3,2005,2,1,2006,1
20071023,2007-10-23,3,Tuesday,23,296,43,October,10,4,2007,2,2,2008,1
20080606,2008-06-06,6,Friday,6,158,24,June,6,2,2008,1,4,2008,2
20070326,2007-03-26,2,Monday,26,85,13,March,3,1,2007,1,3,2007,2
20070323,2007-03-23,6,Friday,23,82,13,March,3,1,2007,1,3,2007,2
20051130,2005-11-30,4,Wednesday,30,334,48,November,11,4,2005,2,2,2006,1
20060607,2006-06-07,4,Wednesday,7,158,23,June,6,2,2006,1,4,2006,2
20070724,2007-07-24,3,Tuesday,24,205,30,July,7,3,2007,2,1,2008,1
20070904,2007-09-04,3,Tuesday,4,247,36,September,9,3,2007,2,1,2008,1
20060313,2006-03-13,2,Monday,13,72,11,March,3,1,2006,1,3,2006,2
20080602,2008-06-02,2,Monday,2,154,23,June,6,2,2008,1,4,2008,2
20051229,2005-12-29,5,Thursday,29,363,52,December,12,4,2005,2,2,2006,1
20060817,2006-08-17,5,Thursday,17,229,33,August,8,3,2006,2,1,2007,1
20061228,2006-12-28,5,Thursday,28,362,52,December,12,4,2006,2,2,2007,1
20080106,2008-01-06,1,Sunday,6,6,2,January,1,1,2008,1,3,2008,2
20080310,2008-03-10,2,Monday,10,70,11,March,3,1,2008,1,3,2008,2
20061004,2006-10-04,4,Wednesday,4,277,40,October,10,4,2006,2,2,2007,1
20080211,2008-02-11,2,Monday,11,42,7,February,2,1,2008,1,3,2008,2
20060316,2006-03-16,5,Thursday,16,75,11,March,3,1,2006,1,3,2006,2
20070219,2007-02-19,2,Monday,19,50,8,February,2,1,2007,1,3,2007,2
20071119,2007-11-19,2,Monday,19,323,47,November,11,4,2007,2,2,2008,1
20060608,2006-06-08,5,Thursday,8,159,23,June,6,2,2006,1,4,2006,2
20080224,2008-02-24,1,Sunday,24,55,9,February,2,1,2008,1,3,2008,2
20060118,2006-01-18,4,Wednesday,18,18,3,January,1,1,2006,1,3,2006,2
20061201,2006-12-01,6,Friday,1,335,49,December,12,4,2006,2,2,2007,1
20051114,2005-11-14,2,Monday,14,318,46,November,11,4,2005,2,2,2006,1
20060713,2006-07-13,5,Thursday,13,194,28,July,7,3,2006,2,1,2007,1
20070605,2007-06-05,3,Tuesday,5,156,23,June,6,2,2007,1,4,2007,2
20101120,2010-11-20,7,Saturday,20,324,47,November,11,4,2010,2,2,2011,1
20070614,2007-06-14,5,Thursday,14,165,24,June,6,2,2007,1,4,2007,2
20061021,2006-10-21,7,Saturday,21,294,43,October,10,4,2006,2,2,2007,1
20080525,2008-05-25,1,Sunday,25,146,22,May,5,2,2008,1,4,2008,2
20051016,2005-10-16,1,Sunday,16,289,42,October,10,4,2005,2,2,2006,1
20071107,2007-11-07,4,Wednesday,7,311,45,November,11,4,2007,2,2,2008,1
20060509,2006-05-09,3,Tuesday,9,129,19,May,5,2,2006,1,4,2006,2
20051007,2005-10-07,6,Friday,7,280,41,October,10,4,2005,2,2,2006,1
20051202,2005-12-02,6,Friday,2,336,49,December,12,4,2005,2,2,2006,1
20060120,2006-01-20,6,Friday,20,20,4,January,1,1,2006,1,3,2006,2
20050816,2005-08-16,3,Tuesday,16,228,33,August,8,3,2005,2,1,2006,1
20050902,2005-09-02,6,Friday,2,245,36,September,9,3,2005,2,1,2006,1
20060323,2006-03-23,5,Thursday,23,82,12,March,3,1,2006,1,3,2006,2
20070815,2007-08-15,4,Wednesday,15,227,33,August,8,3,2007,2,1,2008,1
20070426,2007-04-26,5,Thursday,26,116,17,April,4,2,2007,1,4,2007,2
20080508,2008-05-08,5,Thursday,8,129,19,May,5,2,2008,1,4,2008,2
20070927,2007-09-27,5,Thursday,27,270,39,September,9,3,2007,2,1,2008,1
20070830,2007-08-30,5,Thursday,30,242,35,August,8,3,2007,2,1,2008,1
20071229,2007-12-29,7,Saturday,29,363,53,December,12,4,2007,2,2,2008,1
20070216,2007-02-16,6,Friday,16,47,8,February,2,1,2007,1,3,2007,2
20101121,2010-11-21,1,Sunday,21,325,47,November,11,4,2010,2,2,2011,1
20051231,2005-12-31,7,Saturday,31,365,53,December,12,4,2005,2,2,2006,1
20070703,2007-07-03,3,Tuesday,3,184,27,July,7,3,2007,2,1,2008,1
20060724,2006-07-24,2,Monday,24,205,30,July,7,3,2006,2,1,2007,1
20070526,2007-05-26,7,Saturday,26,146,22,May,5,2,2007,1,4,2007,2
20060726,2006-07-26,4,Wednesday,26,207,30,July,7,3,2006,2,1,2007,1
20080423,2008-04-23,4,Wednesday,23,114,17,April,4,2,2008,1,4,2008,2
20060527,2006-05-27,7,Saturday,27,147,22,May,5,2,2006,1,4,2006,2
20050707,2005-07-07,5,Thursday,7,188,27,July,7,3,2005,2,1,2006,1
20070130,2007-01-30,3,Tuesday,30,30,5,January,1,1,2007,1,3,2007,2
20070621,2007-06-21,5,Thursday,21,172,25,June,6,2,2007,1,4,2007,2
20070424,2007-04-24,3,Tuesday,24,114,17,April,4,2,2007,1,4,2007,2
20060402,2006-04-02,1,Sunday,2,92,14,April,4,2,2006,1,4,2006,2
20060922,2006-09-22,6,Friday,22,265,39,September,9,3,2006,2,1,2007,1
20061106,2006-11-06,2,Monday,6,310,45,November,11,4,2006,2,2,2007,1
20070805,2007-08-05,1,Sunday,5,217,32,August,8,3,2007,2,1,2008,1
20060610,2006-06-10,7,Saturday,10,161,24,June,6,2,2006,1,4,2006,2
20060812,2006-08-12,7,Saturday,12,224,33,August,8,3,2006,2,1,2007,1
20050817,2005-08-17,4,Wednesday,17,229,33,August,8,3,2005,2,1,2006,1
20060103,2006-01-03,3,Tuesday,3,3,1,January,1,1,2006,1,3,2006,2
20080426,2008-04-26,7,Saturday,26,117,18,April,4,2,2008,1,4,2008,2
20070707,2007-07-07,7,Saturday,7,188,28,July,7,3,2007,2,1,2008,1
20071230,2007-12-30,1,Sunday,30,364,53,December,12,4,2007,2,2,2008,1
20070824,2007-08-24,6,Friday,24,236,35,August,8,3,2007,2,1,2008,1
20080209,2008-02-09,7,Saturday,9,40,7,February,2,1,2008,1,3,2008,2
20101103,2010-11-03,4,Wednesday,3,307,44,November,11,4,2010,2,2,2011,1
20061027,2006-10-27,6,Friday,27,300,44,October,10,4,2006,2,2,2007,1
20060328,2006-03-28,3,Tuesday,28,87,13,March,3,1,2006,1,3,2006,2
20070120,2007-01-20,7,Saturday,20,20,4,January,1,1,2007,1,3,2007,2
20061129,2006-11-29,4,Wednesday,29,333,48,November,11,4,2006,2,2,2007,1
20080510,2008-05-10,7,Saturday,10,131,20,May,5,2,2008,1,4,2008,2
20070812,2007-08-12,1,Sunday,12,224,33,August,8,3,2007,2,1,2008,1
20071103,2007-11-03,7,Saturday,3,307,45,November,11,4,2007,2,2,2008,1
20080511,2008-05-11,1,Sunday,11,132,20,May,5,2,2008,1,4,2008,2
20080613,2008-06-13,6,Friday,13,165,25,June,6,2,2008,1,4,2008,2
20070721,2007-07-21,7,Saturday,21,202,30,July,7,3,2007,2,1,2008,1
20070629,2007-06-29,6,Friday,29,180,27,June,6,2,2007,1,4,2007,2
20080312,2008-03-12,4,Wednesday,12,72,11,March,3,1,2008,1,3,2008,2
20101124,2010-11-24,4,Wednesday,24,328,47,November,11,4,2010,2,2,2011,1
20060914,2006-09-14,5,Thursday,14,257,37,September,9,3,2006,2,1,2007,1
20070327,2007-03-27,3,Tuesday,27,86,13,March,3,1,2007,1,3,2007,2
20050702,2005-07-02,7,Saturday,2,183,27,July,7,3,2005,2,1,2006,1
20061013,2006-10-13,6,Friday,13,286,42,October,10,4,2006,2,2,2007,1
20070610,2007-06-10,1,Sunday,10,161,24,June,6,2,2007,1,4,2007,2
20070517,2007-05-17,5,Thursday,17,137,20,May,5,2,2007,1,4,2007,2
20071123,2007-11-23,6,Friday,23,327,48,November,11,4,2007,2,2,2008,1
20060511,2006-05-11,5,Thursday,11,131,19,May,5,2,2006,1,4,2006,2
20070416,2007-04-16,2,Monday,16,106,16,April,4,2,2007,1,4,2007,2
20080306,2008-03-06,5,Thursday,6,66,10,March,3,1,2008,1,3,2008,2
20060428,2006-04-28,6,Friday,28,118,18,April,4,2,2006,1,4,2006,2
20060125,2006-01-25,4,Wednesday,25,25,4,January,1,1,2006,1,3,2006,2
20050930,2005-09-30,6,Friday,30,273,40,September,9,3,2005,2,1,2006,1
20050807,2005-08-07,1,Sunday,7,219,32,August,8,3,2005,2,1,2006,1
20060504,2006-05-04,5,Thursday,4,124,18,May,5,2,2006,1,4,2006,2
20080715,2008-07-15,3,Tuesday,15,197,29,July,7,3,2008,2,1,2009,1
20080604,2008-06-04,4,Wednesday,4,156,23,June,6,2,2008,1,4,2008,2
20071210,2007-12-10,2,Monday,10,344,50,December,12,4,2007,2,2,2008,1
20070321,2007-03-21,4,Wednesday,21,80,12,March,3,1,2007,1,3,2007,2
20051220,2005-12-20,3,Tuesday,20,354,51,December,12,4,2005,2,2,2006,1
20060305,2006-03-05,1,Sunday,5,64,10,March,3,1,2006,1,3,2006,2
20071017,2007-10-17,4,Wednesday,17,290,42,October,10,4,2007,2,2,2008,1
20080705,2008-07-05,7,Saturday,5,187,28,July,7,3,2008,2,1,2009,1
20060217,2006-02-17,6,Friday,17,48,8,February,2,1,2006,1,3,2006,2
20051124,2005-11-24,5,Thursday,24,328,47,November,11,4,2005,2,2,2006,1
20060516,2006-05-16,3,Tuesday,16,136,20,May,5,2,2006,1,4,2006,2
20060906,2006-09-06,4,Wednesday,6,249,36,September,9,3,2006,2,1,2007,1
20050721,2005-07-21,5,Thursday,21,202,29,July,7,3,2005,2,1,2006,1
20080803,2008-08-03,1,Sunday,3,216,32,August,8,3,2008,2,1,2009,1
20060220,2006-02-20,2,Monday,20,51,8,February,2,1,2006,1,3,2006,2
20060501,2006-05-01,2,Monday,1,121,18,May,5,2,2006,1,4,2006,2
20060904,2006-09-04,2,Monday,4,247,36,September,9,3,2006,2,1,2007,1
20080401,2008-04-01,3,Tuesday,1,92,14,April,4,2,2008,1,4,2008,2
20060913,2006-09-13,4,Wednesday,13,256,37,September,9,3,2006,2,1,2007,1
20080828,2008-08-28,5,Thursday,28,241,35,August,8,3,2008,2,1,2009,1
20080402,2008-04-02,4,Wednesday,2,93,14,April,4,2,2008,1,4,2008,2
20060822,2006-08-22,3,Tuesday,22,234,34,August,8,3,2006,2,1,2007,1
20060613,2006-06-13,3,Tuesday,13,164,24,June,6,2,2006,1,4,2006,2
20080113,2008-01-13,1,Sunday,13,13,3,January,1,1,2008,1,3,2008,2
20080815,2008-08-15,6,Friday,15,228,34,August,8,3,2008,2,1,2009,1
20080611,2008-06-11,4,Wednesday,11,163,24,June,6,2,2008,1,4,2008,2
20070823,2007-08-23,5,Thursday,23,235,34,August,8,3,2007,2,1,2008,1
20070922,2007-09-22,7,Saturday,22,265,39,September,9,3,2007,2,1,2008,1
20070309,2007-03-09,6,Friday,9,68,11,March,3,1,2007,1,3,2007,2
20071028,2007-10-28,1,Sunday,28,301,44,October,10,4,2007,2,2,2008,1
20060113,2006-01-13,6,Friday,13,13,3,January,1,1,2006,1,3,2006,2
20080515,2008-05-15,5,Thursday,15,136,20,May,5,2,2008,1,4,2008,2
20060519,2006-05-19,6,Friday,19,139,21,May,5,2,2006,1,4,2006,2
20051014,2005-10-14,6,Friday,14,287,42,October,10,4,2005,2,2,2006,1
20061215,2006-12-15,6,Friday,15,349,51,December,12,4,2006,2,2,2007,1
20060121,2006-01-21,7,Saturday,21,21,4,January,1,1,2006,1,3,2006,2
20080709,2008-07-09,4,Wednesday,9,191,28,July,7,3,2008,2,1,2009,1
20101109,2010-11-09,3,Tuesday,9,313,45,November,11,4,2010,2,2,2011,1
20070430,2007-04-30,2,Monday,30,120,18,April,4,2,2007,1,4,2007,2
20050815,2005-08-15,2,Monday,15,227,33,August,8,3,2005,2,1,2006,1
20061219,2006-12-19,3,Tuesday,19,353,51,December,12,4,2006,2,2,2007,1
20071002,2007-10-02,3,Tuesday,2,275,40,October,10,4,2007,2,2,2008,1
20071117,2007-11-17,7,Saturday,17,321,47,November,11,4,2007,2,2,2008,1
20080221,2008-02-21,5,Thursday,21,52,8,February,2,1,2008,1,3,2008,2
20050921,2005-09-21,4,Wednesday,21,264,38,September,9,3,2005,2,1,2006,1
20080403,2008-04-03,5,Thursday,3,94,14,April,4,2,2008,1,4,2008,2
20070421,2007-04-21,7,Saturday,21,111,17,April,4,2,2007,1,4,2007,2
20061130,2006-11-30,5,Thursday,30,334,48,November,11,4,2006,2,2,2007,1
20070914,2007-09-14,6,Friday,14,257,38,September,9,3,2007,2,1,2008,1
20061214,2006-12-14,5,Thursday,14,348,50,December,12,4,2006,2,2,2007,1
20060408,2006-04-08,7,Saturday,8,98,15,April,4,2,2006,1,4,2006,2
20080713,2008-07-13,1,Sunday,13,195,29,July,7,3,2008,2,1,2009,1
20101110,2010-11-10,4,Wednesday,10,314,45,November,11,4,2010,2,2,2011,1
20080619,2008-06-19,5,Thursday,19,171,25,June,6,2,2008,1,4,2008,2
20051009,2005-10-09,1,Sunday,9,282,41,October,10,4,2005,2,2,2006,1
20050709,2005-07-09,7,Saturday,9,190,28,July,7,3,2005,2,1,2006,1
20070314,2007-03-14,4,Wednesday,14,73,11,March,3,1,2007,1,3,2007,2
20061202,2006-12-02,7,Saturday,2,336,49,December,12,4,2006,2,2,2007,1
20071223,2007-12-23,1,Sunday,23,357,52,December,12,4,2007,2,2,2008,1
20050925,2005-09-25,1,Sunday,25,268,39,September,9,3,2005,2,1,2006,1
20080220,2008-02-20,4,Wednesday,20,51,8,February,2,1,2008,1,3,2008,2
20070221,2007-02-21,4,Wednesday,21,52,8,February,2,1,2007,1,3,2007,2
20060729,2006-07-29,7,Saturday,29,210,31,July,7,3,2006,2,1,2007,1
20070214,2007-02-14,4,Wednesday,14,45,7,February,2,1,2007,1,3,2007,2
20080111,2008-01-11,6,Friday,11,11,3,January,1,1,2008,1,3,2008,2
20071224,2007-12-24,2,Monday,24,358,52,December,12,4,2007,2,2,2008,1
20060403,2006-04-03,2,Monday,3,93,14,April,4,2,2006,1,4,2006,2
20080826,2008-08-26,3,Tuesday,26,239,35,August,8,3,2008,2,1,2009,1
20080710,2008-07-10,5,Thursday,10,192,28,July,7,3,2008,2,1,2009,1
20070905,2007-09-05,4,Wednesday,5,248,36,September,9,3,2007,2,1,2008,1
20080216,2008-02-16,7,Saturday,16,47,8,February,2,1,2008,1,3,2008,2
20060506,2006-05-06,7,Saturday,6,126,19,May,5,2,2006,1,4,2006,2
20051201,2005-12-01,5,Thursday,1,335,48,December,12,4,2005,2,2,2006,1
20071022,2007-10-22,2,Monday,22,295,43,October,10,4,2007,2,2,2008,1
20060425,2006-04-25,3,Tuesday,25,115,17,April,4,2,2006,1,4,2006,2
20080711,2008-07-11,6,Friday,11,193,29,July,7,3,2008,2,1,2009,1
20060221,2006-02-21,3,Tuesday,21,52,8,February,2,1,2006,1,3,2006,2
20061123,2006-11-23,5,Thursday,23,327,47,November,11,4,2006,2,2,2007,1
20080124,2008-01-24,5,Thursday,24,24,4,January,1,1,2008,1,3,2008,2
20071005,2007-10-05,6,Friday,5,278,41,October,10,4,2007,2,2,2008,1
20070304,2007-03-04,1,Sunday,4,63,10,March,3,1,2007,1,3,2007,2
20070615,2007-06-15,6,Friday,15,166,25,June,6,2,2007,1,4,2007,2
20070118,2007-01-18,5,Thursday,18,18,3,January,1,1,2007,1,3,2007,2
20070506,2007-05-06,1,Sunday,6,126,19,May,5,2,2007,1,4,2007,2
20101126,2010-11-26,6,Friday,26,330,48,November,11,4,2010,2,2,2011,1
20071018,2007-10-18,5,Thursday,18,291,42,October,10,4,2007,2,2,2008,1
20070507,2007-05-07,2,Monday,7,127,19,May,5,2,2007,1,4,2007,2
20080131,2008-01-31,5,Thursday,31,31,5,January,1,1,2008,1,3,2008,2
20080119,2008-01-19,7,Saturday,19,19,4,January,1,1,2008,1,3,2008,2
20051004,2005-10-04,3,Tuesday,4,277,40,October,10,4,2005,2,2,2006,1
20060614,2006-06-14,4,Wednesday,14,165,24,June,6,2,2006,1,4,2006,2
20060915,2006-09-15,6,Friday,15,258,38,September,9,3,2006,2,1,2007,1
20060722,2006-07-22,7,Saturday,22,203,30,July,7,3,2006,2,1,2007,1
20061204,2006-12-04,2,Monday,4,338,49,December,12,4,2006,2,2,2007,1
20070531,2007-05-31,5,Thursday,31,151,22,May,5,2,2007,1,4,2007,2
20051223,2005-12-23,6,Friday,23,357,52,December,12,4,2005,2,2,2006,1
20070407,2007-04-07,7,Saturday,7,97,15,April,4,2,2007,1,4,2007,2
20060213,2006-02-13,2,Monday,13,44,7,February,2,1,2006,1,3,2006,2
20080627,2008-06-27,6,Friday,27,179,27,June,6,2,2008,1,4,2008,2
20080408,2008-04-08,3,Tuesday,8,99,15,April,4,2,2008,1,4,2008,2
20060219,2006-02-19,1,Sunday,19,50,8,February,2,1,2006,1,3,2006,2
20071006,2007-10-06,7,Saturday,6,279,41,October,10,4,2007,2,2,2008,1
20061208,2006-12-08,6,Friday,8,342,50,December,12,4,2006,2,2,2007,1
20080117,2008-01-17,5,Thursday,17,17,3,January,1,1,2008,1,3,2008,2
20061124,2006-11-24,6,Friday,24,328,47,November,11,4,2006,2,2,2007,1
20080407,2008-04-07,2,Monday,7,98,15,April,4,2,2008,1,4,2008,2
20061113,2006-11-13,2,Monday,13,317,46,November,11,4,2006,2,2,2007,1
20061024,2006-10-24,3,Tuesday,24,297,43,October,10,4,2006,2,2,2007,1
20070617,2007-06-17,1,Sunday,17,168,25,June,6,2,2007,1,4,2007,2
20071004,2007-10-04,5,Thursday,4,277,40,October,10,4,2007,2,2,2008,1
20071214,2007-12-14,6,Friday,14,348,51,December,12,4,2007,2,2,2008,1
20070223,2007-02-23,6,Friday,23,54,9,February,2,1,2007,1,3,2007,2
20071025,2007-10-25,5,Thursday,25,298,43,October,10,4,2007,2,2,2008,1
20060531,2006-05-31,4,Wednesday,31,151,22,May,5,2,2006,1,4,2006,2
20060413,2006-04-13,5,Thursday,13,103,15,April,4,2,2006,1,4,2006,2
20071226,2007-12-26,4,Wednesday,26,360,52,December,12,4,2007,2,2,2008,1
20080702,2008-07-02,4,Wednesday,2,184,27,July,7,3,2008,2,1,2009,1
20080204,2008-02-04,2,Monday,4,35,6,February,2,1,2008,1,3,2008,2
20080217,2008-02-17,1,Sunday,17,48,8,February,2,1,2008,1,3,2008,2
20080116,2008-01-16,4,Wednesday,16,16,3,January,1,1,2008,1,3,2008,2
20061216,2006-12-16,7,Saturday,16,350,51,December,12,4,2006,2,2,2007,1
20070811,2007-08-11,7,Saturday,11,223,33,August,8,3,2007,2,1,2008,1
20050728,2005-07-28,5,Thursday,28,209,30,July,7,3,2005,2,1,2006,1
20070125,2007-01-25,5,Thursday,25,25,4,January,1,1,2007,1,3,2007,2
20050915,2005-09-15,5,Thursday,15,258,37,September,9,3,2005,2,1,2006,1
20071015,2007-10-15,2,Monday,15,288,42,October,10,4,2007,2,2,2008,1
20080701,2008-07-01,3,Tuesday,1,183,27,July,7,3,2008,2,1,2009,1
20080104,2008-01-04,6,Friday,4,4,2,January,1,1,2008,1,3,2008,2
20080817,2008-08-17,1,Sunday,17,230,34,August,8,3,2008,2,1,2009,1
20061111,2006-11-11,7,Saturday,11,315,45,November,11,4,2006,2,2,2007,1
20070406,2007-04-06,6,Friday,6,96,15,April,4,2,2007,1,4,2007,2
20070331,2007-03-31,7,Saturday,31,90,14,March,3,1,2007,1,3,2007,2
20080801,2008-08-01,6,Friday,1,214,32,August,8,3,2008,2,1,2009,1
20080323,2008-03-23,1,Sunday,23,83,13,March,3,1,2008,1,3,2008,2
20070627,2007-06-27,4,Wednesday,27,178,26,June,6,2,2007,1,4,2007,2
20080102,2008-01-02,4,Wednesday,2,2,1,January,1,1,2008,1,3,2008,2
20051003,2005-10-03,2,Monday,3,276,40,October,10,4,2005,2,2,2006,1
20080629,2008-06-29,1,Sunday,29,181,27,June,6,2,2008,1,4,2008,2
20050829,2005-08-29,2,Monday,29,241,35,August,8,3,2005,2,1,2006,1
20050805,2005-08-05,6,Friday,5,217,32,August,8,3,2005,2,1,2006,1
20070903,2007-09-03,2,Monday,3,246,36,September,9,3,2007,2,1,2008,1
20061125,2006-11-25,7,Saturday,25,329,47,November,11,4,2006,2,2,2007,1
20080809,2008-08-09,7,Saturday,9,222,33,August,8,3,2008,2,1,2009,1
20080704,2008-07-04,6,Friday,4,186,28,July,7,3,2008,2,1,2009,1
20070928,2007-09-28,6,Friday,28,271,40,September,9,3,2007,2,1,2008,1
20061121,2006-11-21,3,Tuesday,21,325,47,November,11,4,2006,2,2,2007,1
20050827,2005-08-27,7,Saturday,27,239,35,August,8,3,2005,2,1,2006,1
20070108,2007-01-08,2,Monday,8,8,2,January,1,1,2007,1,3,2007,2
20080516,2008-05-16,6,Friday,16,137,21,May,5,2,2008,1,4,2008,2
20080514,2008-05-14,4,Wednesday,14,135,20,May,5,2,2008,1,4,2008,2
20050711,2005-07-11,2,Monday,11,192,28,July,7,3,2005,2,1,2006,1
20070923,2007-09-23,1,Sunday,23,266,39,September,9,3,2007,2,1,2008,1
20060806,2006-08-06,1,Sunday,6,218,32,August,8,3,2006,2,1,2007,1
20060301,2006-03-01,4,Wednesday,1,60,9,March,3,1,2006,1,3,2006,2
20070723,2007-07-23,2,Monday,23,204,30,July,7,3,2007,2,1,2008,1
20051230,2005-12-30,6,Friday,30,364,53,December,12,4,2005,2,2,2006,1
20051008,2005-10-08,7,Saturday,8,281,41,October,10,4,2005,2,2,2006,1
20070702,2007-07-02,2,Monday,2,183,27,July,7,3,2007,2,1,2008,1
20071228,2007-12-28,6,Friday,28,362,53,December,12,4,2007,2,2,2008,1
20051212,2005-12-12,2,Monday,12,346,50,December,12,4,2005,2,2,2006,1
20070218,2007-02-18,1,Sunday,18,49,8,February,2,1,2007,1,3,2007,2
20080808,2008-08-08,6,Friday,8,221,33,August,8,3,2008,2,1,2009,1
20101125,2010-11-25,5,Thursday,25,329,47,November,11,4,2010,2,2,2011,1
20051128,2005-11-28,2,Monday,28,332,48,November,11,4,2005,2,2,2006,1
20050715,2005-07-15,6,Friday,15,196,29,July,7,3,2005,2,1,2006,1
20050906,2005-09-06,3,Tuesday,6,249,36,September,9,3,2005,2,1,2006,1
20070427,2007-04-27,6,Friday,27,117,18,April,4,2,2007,1,4,2007,2
20051017,2005-10-17,2,Monday,17,290,42,October,10,4,2005,2,2,2006,1
20060415,2006-04-15,7,Saturday,15,105,16,April,4,2,2006,1,4,2006,2
20070113,2007-01-13,7,Saturday,13,13,3,January,1,1,2007,1,3,2007,2
20070324,2007-03-24,7,Saturday,24,83,13,March,3,1,2007,1,3,2007,2
20060311,2006-03-11,7,Saturday,11,70,11,March,3,1,2006,1,3,2006,2
20080822,2008-08-22,6,Friday,22,235,35,August,8,3,2008,2,1,2009,1
20060411,2006-04-11,3,Tuesday,11,101,15,April,4,2,2006,1,4,2006,2
20061003,2006-10-03,3,Tuesday,3,276,40,October,10,4,2006,2,2,2007,1
20080513,2008-05-13,3,Tuesday,13,134,20,May,5,2,2008,1,4,2008,2
20071027,2007-10-27,7,Saturday,27,300,44,October,10,4,2007,2,2,2008,1
20060417,2006-04-17,2,Monday,17,107,16,April,4,2,2006,1,4,2006,2
20060405,2006-04-05,4,Wednesday,5,95,14,April,4,2,2006,1,4,2006,2
20070916,2007-09-16,1,Sunday,16,259,38,September,9,3,2007,2,1,2008,1
20070704,2007-07-04,4,Wednesday,4,185,27,July,7,3,2007,2,1,2008,1
20070813,2007-08-13,2,Monday,13,225,33,August,8,3,2007,2,1,2008,1
20070511,2007-05-11,6,Friday,11,131,20,May,5,2,2007,1,4,2007,2
20051115,2005-11-15,3,Tuesday,15,319,46,November,11,4,2005,2,2,2006,1
20080303,2008-03-03,2,Monday,3,63,10,March,3,1,2008,1,3,2008,2
20080830,2008-08-30,7,Saturday,30,243,36,August,8,3,2008,2,1,2009,1
20080605,2008-06-05,5,Thursday,5,157,23,June,6,2,2008,1,4,2008,2
20080109,2008-01-09,4,Wednesday,9,9,2,January,1,1,2008,1,3,2008,2
20060912,2006-09-12,3,Tuesday,12,255,37,September,9,3,2006,2,1,2007,1
20070827,2007-08-27,2,Monday,27,239,35,August,8,3,2007,2,1,2008,1
20070817,2007-08-17,6,Friday,17,229,34,August,8,3,2007,2,1,2008,1
20050914,2005-09-14,4,Wednesday,14,257,37,September,9,3,2005,2,1,2006,1
20070917,2007-09-17,2,Monday,17,260,38,September,9,3,2007,2,1,2008,1
20071121,2007-11-21,4,Wednesday,21,325,47,November,11,4,2007,2,2,2008,1
20050821,2005-08-21,1,Sunday,21,233,34,August,8,3,2005,2,1,2006,1
20070505,2007-05-05,7,Saturday,5,125,19,May,5,2,2007,1,4,2007,2
20050830,2005-08-30,3,Tuesday,30,242,35,August,8,3,2005,2,1,2006,1
20070601,2007-06-01,6,Friday,1,152,23,June,6,2,2007,1,4,2007,2
20060119,2006-01-19,5,Thursday,19,19,3,January,1,1,2006,1,3,2006,2
20070822,2007-08-22,4,Wednesday,22,234,34,August,8,3,2007,2,1,2008,1
20060725,2006-07-25,3,Tuesday,25,206,30,July,7,3,2006,2,1,2007,1
20080620,2008-06-20,6,Friday,20,172,26,June,6,2,2008,1,4,2008,2
20050822,2005-08-22,2,Monday,22,234,34,August,8,3,2005,2,1,2006,1
20080405,2008-04-05,7,Saturday,5,96,15,April,4,2,2008,1,4,2008,2
20060319,2006-03-19,1,Sunday,19,78,12,March,3,1,2006,1,3,2006,2
20080322,2008-03-22,7,Saturday,22,82,13,March,3,1,2008,1,3,2008,2
20080123,2008-01-23,4,Wednesday,23,23,4,January,1,1,2008,1,3,2008,2
20070224,2007-02-24,7,Saturday,24,55,9,February,2,1,2007,1,3,2007,2
20050724,2005-07-24,1,Sunday,24,205,30,July,7,3,2005,2,1,2006,1
20051110,2005-11-10,5,Thursday,10,314,45,November,11,4,2005,2,2,2006,1
20080811,2008-08-11,2,Monday,11,224,33,August,8,3,2008,2,1,2009,1
20070227,2007-02-27,3,Tuesday,27,58,9,February,2,1,2007,1,3,2007,2
20051116,2005-11-16,4,Wednesday,16,320,46,November,11,4,2005,2,2,2006,1
20060714,2006-07-14,6,Friday,14,195,29,July,7,3,2006,2,1,2007,1
20060225,2006-02-25,7,Saturday,25,56,9,February,2,1,2006,1,3,2006,2
20070711,2007-07-11,4,Wednesday,11,192,28,July,7,3,2007,2,1,2008,1
20051209,2005-12-09,6,Friday,9,343,50,December,12,4,2005,2,2,2006,1
20050811,2005-08-11,5,Thursday,11,223,32,August,8,3,2005,2,1,2006,1
20080129,2008-01-29,3,Tuesday,29,29,5,January,1,1,2008,1,3,2008,2
20070401,2007-04-01,1,Sunday,1,91,14,April,4,2,2007,1,4,2007,2
20070714,2007-07-14,7,Saturday,14,195,29,July,7,3,2007,2,1,2008,1
20061023,2006-10-23,2,Monday,23,296,43,October,10,4,2006,2,2,2007,1
20060622,2006-06-22,5,Thursday,22,173,25,June,6,2,2006,1,4,2006,2
20060827,2006-08-27,1,Sunday,27,239,35,August,8,3,2006,2,1,2007,1
20080527,2008-05-27,3,Tuesday,27,148,22,May,5,2,2008,1,4,2008,2
20060223,2006-02-23,5,Thursday,23,54,8,February,2,1,2006,1,3,2006,2
20070912,2007-09-12,4,Wednesday,12,255,37,September,9,3,2007,2,1,2008,1
20051207,2005-12-07,4,Wednesday,7,341,49,December,12,4,2005,2,2,2006,1
20080203,2008-02-03,1,Sunday,3,34,6,February,2,1,2008,1,3,2008,2
20051013,2005-10-13,5,Thursday,13,286,41,October,10,4,2005,2,2,2006,1
20080520,2008-05-20,3,Tuesday,20,141,21,May,5,2,2008,1,4,2008,2
20070319,2007-03-19,2,Monday,19,78,12,March,3,1,2007,1,3,2007,2
20050705,2005-07-05,3,Tuesday,5,186,27,July,7,3,2005,2,1,2006,1
20060310,2006-03-10,6,Friday,10,69,11,March,3,1,2006,1,3,2006,2
20051023,2005-10-23,1,Sunday,23,296,43,October,10,4,2005,2,2,2006,1
20060823,2006-08-23,4,Wednesday,23,235,34,August,8,3,2006,2,1,2007,1
20080427,2008-04-27,1,Sunday,27,118,18,April,4,2,2008,1,4,2008,2
20070127,2007-01-27,7,Saturday,27,27,5,January,1,1,2007,1,3,2007,2
20061207,2006-12-07,5,Thursday,7,341,49,December,12,4,2006,2,2,2007,1
20080430,2008-04-30,4,Wednesday,30,121,18,April,4,2,2008,1,4,2008,2
20060124,2006-01-24,3,Tuesday,24,24,4,January,1,1,2006,1,3,2006,2
20080213,2008-02-13,4,Wednesday,13,44,7,February,2,1,2008,1,3,2008,2
20070208,2007-02-08,5,Thursday,8,39,6,February,2,1,2007,1,3,2007,2
20060111,2006-01-11,4,Wednesday,11,11,2,January,1,1,2006,1,3,2006,2
20070512,2007-05-12,7,Saturday,12,132,20,May,5,2,2007,1,4,2007,2
20060621,2006-06-21,4,Wednesday,21,172,25,June,6,2,2006,1,4,2006,2
20080207,2008-02-07,5,Thursday,7,38,6,February,2,1,2008,1,3,2008,2
20050920,2005-09-20,3,Tuesday,20,263,38,September,9,3,2005,2,1,2006,1
20080422,2008-04-22,3,Tuesday,22,113,17,April,4,2,2008,1,4,2008,2
20050803,2005-08-03,4,Wednesday,3,215,31,August,8,3,2005,2,1,2006,1
20070105,2007-01-05,6,Friday,5,5,2,January,1,1,2007,1,3,2007,2
20060916,2006-09-16,7,Saturday,16,259,38,September,9,3,2006,2,1,2007,1
20060804,2006-08-04,6,Friday,4,216,32,August,8,3,2006,2,1,2007,1
20060505,2006-05-05,6,Friday,5,125,19,May,5,2,2006,1,4,2006,2
20101115,2010-11-15,2,Monday,15,319,46,November,11,4,2010,2,2,2011,1
20051112,2005-11-12,7,Saturday,12,316,46,November,11,4,2005,2,2,2006,1
20070211,2007-02-11,1,Sunday,11,42,7,February,2,1,2007,1,3,2007,2
20070102,2007-01-02,3,Tuesday,2,2,1,January,1,1,2007,1,3,2007,2
20080821,2008-08-21,5,Thursday,21,234,34,August,8,3,2008,2,1,2009,1
20071216,2007-12-16,1,Sunday,16,350,51,December,12,4,2007,2,2,2008,1
20060831,2006-08-31,5,Thursday,31,243,35,August,8,3,2006,2,1,2007,1
20051101,2005-11-01,3,Tuesday,1,305,44,November,11,4,2005,2,2,2006,1
20070727,2007-07-27,6,Friday,27,208,31,July,7,3,2007,2,1,2008,1
20071008,2007-10-08,2,Monday,8,281,41,October,10,4,2007,2,2,2008,1
20070722,2007-07-22,1,Sunday,22,203,30,July,7,3,2007,2,1,2008,1
20060707,2006-07-07,6,Friday,7,188,28,July,7,3,2006,2,1,2007,1
20060813,2006-08-13,1,Sunday,13,225,33,August,8,3,2006,2,1,2007,1
20070518,2007-05-18,6,Friday,18,138,21,May,5,2,2007,1,4,2007,2
20060318,2006-03-18,7,Saturday,18,77,12,March,3,1,2006,1,3,2006,2
20070801,2007-08-01,4,Wednesday,1,213,31,August,8,3,2007,2,1,2008,1
20070201,2007-02-01,5,Thursday,1,32,5,February,2,1,2007,1,3,2007,2
20060925,2006-09-25,2,Monday,25,268,39,September,9,3,2006,2,1,2007,1
20060208,2006-02-08,4,Wednesday,8,39,6,February,2,1,2006,1,3,2006,2
20051228,2005-12-28,4,Wednesday,28,362,52,December,12,4,2005,2,2,2006,1
20060123,2006-01-23,2,Monday,23,23,4,January,1,1,2006,1,3,2006,2
20080127,2008-01-27,1,Sunday,27,27,5,January,1,1,2008,1,3,2008,2
20071026,2007-10-26,6,Friday,26,299,44,October,10,4,2007,2,2,2008,1
20070501,2007-05-01,3,Tuesday,1,121,18,May,5,2,2007,1,4,2007,2
20061014,2006-10-14,7,Saturday,14,287,42,October,10,4,2006,2,2,2007,1
20060825,2006-08-25,6,Friday,25,237,35,August,8,3,2006,2,1,2007,1
20061221,2006-12-21,5,Thursday,21,355,51,December,12,4,2006,2,2,2007,1
20051011,2005-10-11,3,Tuesday,11,284,41,October,10,4,2005,2,2,2006,1
20060129,2006-01-29,1,Sunday,29,29,5,January,1,1,2006,1,3,2006,2
20080225,2008-02-25,2,Monday,25,56,9,February,2,1,2008,1,3,2008,2
20061206,2006-12-06,4,Wednesday,6,340,49,December,12,4,2006,2,2,2007,1
20070624,2007-06-24,1,Sunday,24,175,26,June,6,2,2007,1,4,2007,2
20070202,2007-02-02,6,Friday,2,33,6,February,2,1,2007,1,3,2007,2
20060502,2006-05-02,3,Tuesday,2,122,18,May,5,2,2006,1,4,2006,2
20061127,2006-11-27,2,Monday,27,331,48,November,11,4,2006,2,2,2007,1
20050913,2005-09-13,3,Tuesday,13,256,37,September,9,3,2005,2,1,2006,1
20070618,2007-06-18,2,Monday,18,169,25,June,6,2,2007,1,4,2007,2
20061217,2006-12-17,1,Sunday,17,351,51,December,12,4,2006,2,2,2007,1
20070420,2007-04-20,6,Friday,20,110,17,April,4,2,2007,1,4,2007,2
20080825,2008-08-25,2,Monday,25,238,35,August,8,3,2008,2,1,2009,1
20060515,2006-05-15,2,Monday,15,135,20,May,5,2,2006,1,4,2006,2
20050814,2005-08-14,1,Sunday,14,226,33,August,8,3,2005,2,1,2006,1
20060718,2006-07-18,3,Tuesday,18,199,29,July,7,3,2006,2,1,2007,1
20050911,2005-09-11,1,Sunday,11,254,37,September,9,3,2005,2,1,2006,1
20060325,2006-03-25,7,Saturday,25,84,13,March,3,1,2006,1,3,2006,2
20060708,2006-07-08,7,Saturday,8,189,28,July,7,3,2006,2,1,2007,1
20060212,2006-02-12,1,Sunday,12,43,7,February,2,1,2006,1,3,2006,2
20061222,2006-12-22,6,Friday,22,356,52,December,12,4,2006,2,2,2007,1
20060717,2006-07-17,2,Monday,17,198,29,July,7,3,2006,2,1,2007,1
20071109,2007-11-09,6,Friday,9,313,46,November,11,4,2007,2,2,2008,1
20060210,2006-02-10,6,Friday,10,41,7,February,2,1,2006,1,3,2006,2
20080708,2008-07-08,3,Tuesday,8,190,28,July,7,3,2008,2,1,2009,1
20050717,2005-07-17,1,Sunday,17,198,29,July,7,3,2005,2,1,2006,1
20051028,2005-10-28,6,Friday,28,301,44,October,10,4,2005,2,2,2006,1
20060518,2006-05-18,5,Thursday,18,138,20,May,5,2,2006,1,4,2006,2
20071203,2007-12-03,2,Monday,3,337,49,December,12,4,2007,2,2,2008,1
20080223,2008-02-23,7,Saturday,23,54,9,February,2,1,2008,1,3,2008,2
20071130,2007-11-30,6,Friday,30,334,49,November,11,4,2007,2,2,2008,1
20060201,2006-02-01,4,Wednesday,1,32,5,February,2,1,2006,1,3,2006,2
20070913,2007-09-13,5,Thursday,13,256,37,September,9,3,2007,2,1,2008,1
20060616,2006-06-16,6,Friday,16,167,25,June,6,2,2006,1,4,2006,2
20080328,2008-03-28,6,Friday,28,88,14,March,3,1,2008,1,3,2008,2
20060416,2006-04-16,1,Sunday,16,106,16,April,4,2,2006,1,4,2006,2
20070330,2007-03-30,6,Friday,30,89,14,March,3,1,2007,1,3,2007,2
20071206,2007-12-06,5,Thursday,6,340,49,December,12,4,2007,2,2,2008,1
20080417,2008-04-17,5,Thursday,17,108,16,April,4,2,2008,1,4,2008,2
20080410,2008-04-10,5,Thursday,10,101,15,April,4,2,2008,1,4,2008,2
20070530,2007-05-30,4,Wednesday,30,150,22,May,5,2,2007,1,4,2007,2
20080530,2008-05-30,6,Friday,30,151,23,May,5,2,2008,1,4,2008,2
20080720,2008-07-20,1,Sunday,20,202,30,July,7,3,2008,2,1,2009,1
20061230,2006-12-30,7,Saturday,30,364,53,December,12,4,2006,2,2,2007,1
20070716,2007-07-16,2,Monday,16,197,29,July,7,3,2007,2,1,2008,1
20080806,2008-08-06,4,Wednesday,6,219,32,August,8,3,2008,2,1,2009,1
20080603,2008-06-03,3,Tuesday,3,155,23,June,6,2,2008,1,4,2008,2
20080218,2008-02-18,2,Monday,18,49,8,February,2,1,2008,1,3,2008,2
20080616,2008-06-16,2,Monday,16,168,25,June,6,2,2008,1,4,2008,2
20080807,2008-08-07,5,Thursday,7,220,32,August,8,3,2008,2,1,2009,1
20060523,2006-05-23,3,Tuesday,23,143,21,May,5,2,2006,1,4,2006,2
20070101,2007-01-01,2,Monday,1,1,1,January,1,1,2007,1,3,2007,2
20071108,2007-11-08,5,Thursday,8,312,45,November,11,4,2007,2,2,2008,1
20051108,2005-11-08,3,Tuesday,8,312,45,November,11,4,2005,2,2,2006,1
20060816,2006-08-16,4,Wednesday,16,228,33,August,8,3,2006,2,1,2007,1
20061223,2006-12-23,7,Saturday,23,357,52,December,12,4,2006,2,2,2007,1
20071231,2007-12-31,2,Monday,31,365,53,December,12,4,2007,2,2,2008,1
20080421,2008-04-21,2,Monday,21,112,17,April,4,2,2008,1,4,2008,2
20070701,2007-07-01,1,Sunday,1,182,27,July,7,3,2007,2,1,2008,1
20070408,2007-04-08,1,Sunday,8,98,15,April,4,2,2007,1,4,2007,2
20080726,2008-07-26,7,Saturday,26,208,31,July,7,3,2008,2,1,2009,1
20050922,2005-09-22,5,Thursday,22,265,38,September,9,3,2005,2,1,2006,1
20060205,2006-02-05,1,Sunday,5,36,6,February,2,1,2006,1,3,2006,2
20080202,2008-02-02,7,Saturday,2,33,6,February,2,1,2008,1,3,2008,2
20070504,2007-05-04,6,Friday,4,124,19,May,5,2,2007,1,4,2007,2
20051127,2005-11-27,1,Sunday,27,331,48,November,11,4,2005,2,2,2006,1
20070111,2007-01-11,5,Thursday,11,11,2,January,1,1,2007,1,3,2007,2
20050708,2005-07-08,6,Friday,8,189,28,July,7,3,2005,2,1,2006,1
20080201,2008-02-01,6,Friday,1,32,6,February,2,1,2008,1,3,2008,2
20080108,2008-01-08,3,Tuesday,8,8,2,January,1,1,2008,1,3,2008,2
20070204,2007-02-04,1,Sunday,4,35,6,February,2,1,2007,1,3,2007,2
20071220,2007-12-20,5,Thursday,20,354,51,December,12,4,2007,2,2,2008,1
20051105,2005-11-05,7,Saturday,5,309,45,November,11,4,2005,2,2,2006,1
20070713,2007-07-13,6,Friday,13,194,29,July,7,3,2007,2,1,2008,1
20080321,2008-03-21,6,Friday,21,81,13,March,3,1,2008,1,3,2008,2
20080208,2008-02-08,6,Friday,8,39,7,February,2,1,2008,1,3,2008,2
20070318,2007-03-18,1,Sunday,18,77,12,March,3,1,2007,1,3,2007,2
20061128,2006-11-28,3,Tuesday,28,332,48,November,11,4,2006,2,2,2007,1
20060602,2006-06-02,6,Friday,2,153,23,June,6,2,2006,1,4,2006,2
20051027,2005-10-27,5,Thursday,27,300,43,October,10,4,2005,2,2,2006,1
20060704,2006-07-04,3,Tuesday,4,185,27,July,7,3,2006,2,1,2007,1
20071105,2007-11-05,2,Monday,5,309,45,November,11,4,2007,2,2,2008,1
20070604,2007-06-04,2,Monday,4,155,23,June,6,2,2007,1,4,2007,2
20070209,2007-02-09,6,Friday,9,40,7,February,2,1,2007,1,3,2007,2
20060114,2006-01-14,7,Saturday,14,14,3,January,1,1,2006,1,3,2006,2
20070826,2007-08-26,1,Sunday,26,238,35,August,8,3,2007,2,1,2008,1
20080723,2008-07-23,4,Wednesday,23,205,30,July,7,3,2008,2,1,2009,1
20070806,2007-08-06,2,Monday,6,218,32,August,8,3,2007,2,1,2008,1
20050701,2005-07-01,6,Friday,1,182,27,July,7,3,2005,2,1,2006,1
20061220,2006-12-20,4,Wednesday,20,354,51,December,12,4,2006,2,2,2007,1
20080813,2008-08-13,4,Wednesday,13,226,33,August,8,3,2008,2,1,2009,1
20070725,2007-07-25,4,Wednesday,25,206,30,July,7,3,2007,2,1,2008,1
20051205,2005-12-05,2,Monday,5,339,49,December,12,4,2005,2,2,2006,1
20080415,2008-04-15,3,Tuesday,15,106,16,April,4,2,2008,1,4,2008,2
20051102,2005-11-02,4,Wednesday,2,306,44,November,11,4,2005,2,2,2006,1
20051113,2005-11-13,1,Sunday,13,317,46,November,11,4,2005,2,2,2006,1
20051219,2005-12-19,2,Monday,19,353,51,December,12,4,2005,2,2,2006,1
20060306,2006-03-06,2,Monday,6,65,10,March,3,1,2006,1,3,2006,2
20080130,2008-01-30,4,Wednesday,30,30,5,January,1,1,2008,1,3,2008,2
20080717,2008-07-17,5,Thursday,17,199,29,July,7,3,2008,2,1,2009,1
20080721,2008-07-21,2,Monday,21,203,30,July,7,3,2008,2,1,2009,1
20080503,2008-05-03,7,Saturday,3,124,19,May,5,2,2008,1,4,2008,2
20061205,2006-12-05,3,Tuesday,5,339,49,December,12,4,2006,2,2,2007,1
20070828,2007-08-28,3,Tuesday,28,240,35,August,8,3,2007,2,1,2008,1
20070816,2007-08-16,5,Thursday,16,228,33,August,8,3,2007,2,1,2008,1
20071202,2007-12-02,1,Sunday,2,336,49,December,12,4,2007,2,2,2008,1
20050908,2005-09-08,5,Thursday,8,251,36,September,9,3,2005,2,1,2006,1
20060521,2006-05-21,1,Sunday,21,141,21,May,5,2,2006,1,4,2006,2
20080103,2008-01-03,5,Thursday,3,3,1,January,1,1,2008,1,3,2008,2
20060503,2006-05-03,4,Wednesday,3,123,18,May,5,2,2006,1,4,2006,2
20071127,2007-11-27,3,Tuesday,27,331,48,November,11,4,2007,2,2,2008,1
20061103,2006-11-03,6,Friday,3,307,44,November,11,4,2006,2,2,2007,1
20080730,2008-07-30,4,Wednesday,30,212,31,July,7,3,2008,2,1,2009,1
20070919,2007-09-19,4,Wednesday,19,262,38,September,9,3,2007,2,1,2008,1
20070831,2007-08-31,6,Friday,31,243,36,August,8,3,2007,2,1,2008,1
20070215,2007-02-15,5,Thursday,15,46,7,February,2,1,2007,1,3,2007,2
20061009,2006-10-09,2,Monday,9,282,41,October,10,4,2006,2,2,2007,1
20051123,2005-11-23,4,Wednesday,23,327,47,November,11,4,2005,2,2,2006,1
20071219,2007-12-19,4,Wednesday,19,353,51,December,12,4,2007,2,2,2008,1
20070503,2007-05-03,5,Thursday,3,123,18,May,5,2,2007,1,4,2007,2
20061203,2006-12-03,1,Sunday,3,337,49,December,12,4,2006,2,2,2007,1
20071030,2007-10-30,3,Tuesday,30,303,44,October,10,4,2007,2,2,2008,1
20060315,2006-03-15,4,Wednesday,15,74,11,March,3,1,2006,1,3,2006,2
20060731,2006-07-31,2,Monday,31,212,31,July,7,3,2006,2,1,2007,1
20071209,2007-12-09,1,Sunday,9,343,50,December,12,4,2007,2,2,2008,1
20080416,2008-04-16,4,Wednesday,16,107,16,April,4,2,2008,1,4,2008,2
20050907,2005-09-07,4,Wednesday,7,250,36,September,9,3,2005,2,1,2006,1
20101112,2010-11-12,6,Friday,12,316,46,November,11,4,2010,2,2,2011,1
20051002,2005-10-02,1,Sunday,2,275,40,October,10,4,2005,2,2,2006,1
20060924,2006-09-24,1,Sunday,24,267,39,September,9,3,2006,2,1,2007,1
20060909,2006-09-09,7,Saturday,9,252,37,September,9,3,2006,2,1,2007,1
20070423,2007-04-23,2,Monday,23,113,17,April,4,2,2007,1,4,2007,2
20060107,2006-01-07,7,Saturday,7,7,2,January,1,1,2006,1,3,2006,2
20070103,2007-01-03,4,Wednesday,3,3,1,January,1,1,2007,1,3,2007,2
20051122,2005-11-22,3,Tuesday,22,326,47,November,11,4,2005,2,2,2006,1
20070609,2007-06-09,7,Saturday,9,160,24,June,6,2,2007,1,4,2007,2
20080105,2008-01-05,7,Saturday,5,5,2,January,1,1,2008,1,3,2008,2
20071019,2007-10-19,6,Friday,19,292,43,October,10,4,2007,2,2,2008,1
20070603,2007-06-03,1,Sunday,3,154,23,June,6,2,2007,1,4,2007,2
20080820,2008-08-20,4,Wednesday,20,233,34,August,8,3,2008,2,1,2009,1
20080824,2008-08-24,1,Sunday,24,237,35,August,8,3,2008,2,1,2009,1
20070720,2007-07-20,6,Friday,20,201,30,July,7,3,2007,2,1,2008,1
20080812,2008-08-12,3,Tuesday,12,225,33,August,8,3,2008,2,1,2009,1
20060719,2006-07-19,4,Wednesday,19,200,29,July,7,3,2006,2,1,2007,1
20060418,2006-04-18,3,Tuesday,18,108,16,April,4,2,2006,1,4,2006,2
20060508,2006-05-08,2,Monday,8,128,19,May,5,2,2006,1,4,2006,2
20061112,2006-11-12,1,Sunday,12,316,46,November,11,4,2006,2,2,2007,1
20051106,2005-11-06,1,Sunday,6,310,45,November,11,4,2005,2,2,2006,1
20050719,2005-07-19,3,Tuesday,19,200,29,July,7,3,2005,2,1,2006,1
20080630,2008-06-30,2,Monday,30,182,27,June,6,2,2008,1,4,2008,2
20050706,2005-07-06,4,Wednesday,6,187,27,July,7,3,2005,2,1,2006,1
20070206,2007-02-06,3,Tuesday,6,37,6,February,2,1,2007,1,3,2007,2
20080212,2008-02-12,3,Tuesday,12,43,7,February,2,1,2008,1,3,2008,2
20050904,2005-09-04,1,Sunday,4,247,36,September,9,3,2005,2,1,2006,1
20071102,2007-11-02,6,Friday,2,306,45,November,11,4,2007,2,2,2008,1
20070317,2007-03-17,7,Saturday,17,76,12,March,3,1,2007,1,3,2007,2
20060426,2006-04-26,4,Wednesday,26,116,17,April,4,2,2006,1,4,2006,2
20051118,2005-11-18,6,Friday,18,322,47,November,11,4,2005,2,2,2006,1
20070210,2007-02-10,7,Saturday,10,41,7,February,2,1,2007,1,3,2007,2
20070810,2007-08-10,6,Friday,10,222,33,August,8,3,2007,2,1,2008,1
20070116,2007-01-16,3,Tuesday,16,16,3,January,1,1,2007,1,3,2007,2
20060520,2006-05-20,7,Saturday,20,140,21,May,5,2,2006,1,4,2006,2
20080609,2008-06-09,2,Monday,9,161,24,June,6,2,2008,1,4,2008,2
20060320,2006-03-20,2,Monday,20,79,12,March,3,1,2006,1,3,2006,2
20080317,2008-03-17,2,Monday,17,77,12,March,3,1,2008,1,3,2008,2
20080128,2008-01-28,2,Monday,28,28,5,January,1,1,2008,1,3,2008,2
20061107,2006-11-07,3,Tuesday,7,311,45,November,11,4,2006,2,2,2007,1
20060216,2006-02-16,5,Thursday,16,47,7,February,2,1,2006,1,3,2006,2
20080301,2008-03-01,7,Saturday,1,61,10,March,3,1,2008,1,3,2008,2
20050731,2005-07-31,1,Sunday,31,212,31,July,7,3,2005,2,1,2006,1
20070626,2007-06-26,3,Tuesday,26,177,26,June,6,2,2007,1,4,2007,2
20061002,2006-10-02,2,Monday,2,275,40,October,10,4,2006,2,2,2007,1
20071215,2007-12-15,7,Saturday,15,349,51,December,12,4,2007,2,2,2008,1
20051001,2005-10-01,7,Saturday,1,274,40,October,10,4,2005,2,2,2006,1
20060303,2006-03-03,6,Friday,3,62,10,March,3,1,2006,1,3,2006,2
20060606,2006-06-06,3,Tuesday,6,157,23,June,6,2,2006,1,4,2006,2
20080121,2008-01-21,2,Monday,21,21,4,January,1,1,2008,1,3,2008,2
20080612,2008-06-12,5,Thursday,12,164,24,June,6,2,2008,1,4,2008,2
20060128,2006-01-28,7,Saturday,28,28,5,January,1,1,2006,1,3,2006,2
20061102,2006-11-02,5,Thursday,2,306,44,November,11,4,2006,2,2,2007,1
20080505,2008-05-05,2,Monday,5,126,19,May,5,2,2008,1,4,2008,2
20060207,2006-02-07,3,Tuesday,7,38,6,February,2,1,2006,1,3,2006,2
20051211,2005-12-11,1,Sunday,11,345,50,December,12,4,2005,2,2,2006,1
20051019,2005-10-19,4,Wednesday,19,292,42,October,10,4,2005,2,2,2006,1
20070508,2007-05-08,3,Tuesday,8,128,19,May,5,2,2007,1,4,2007,2
20061120,2006-11-20,2,Monday,20,324,47,November,11,4,2006,2,2,2007,1
20051210,2005-12-10,7,Saturday,10,344,50,December,12,4,2005,2,2,2006,1
20071020,2007-10-20,7,Saturday,20,293,43,October,10,4,2007,2,2,2008,1
20080314,2008-03-14,6,Friday,14,74,12,March,3,1,2008,1,3,2008,2
20101106,2010-11-06,7,Saturday,6,310,45,November,11,4,2010,2,2,2011,1
20080802,2008-08-02,7,Saturday,2,215,32,August,8,3,2008,2,1,2009,1
20051029,2005-10-29,7,Saturday,29,302,44,October,10,4,2005,2,2,2006,1
20051005,2005-10-05,4,Wednesday,5,278,40,October,10,4,2005,2,2,2006,1
20071113,2007-11-13,3,Tuesday,13,317,46,November,11,4,2007,2,2,2008,1
20051224,2005-12-24,7,Saturday,24,358,52,December,12,4,2005,2,2,2006,1
20060227,2006-02-27,2,Monday,27,58,9,February,2,1,2006,1,3,2006,2
20060824,2006-08-24,5,Thursday,24,236,34,August,8,3,2006,2,1,2007,1
20050919,2005-09-19,2,Monday,19,262,38,September,9,3,2005,2,1,2006,1
20060609,2006-06-09,6,Friday,9,160,24,June,6,2,2006,1,4,2006,2
20060414,2006-04-14,6,Friday,14,104,16,April,4,2,2006,1,4,2006,2
20060326,2006-03-26,1,Sunday,26,85,13,March,3,1,2006,1,3,2006,2
20070808,2007-08-08,4,Wednesday,8,220,32,August,8,3,2007,2,1,2008,1
20070712,2007-07-12,5,Thursday,12,193,28,July,7,3,2007,2,1,2008,1
20070515,2007-05-15,3,Tuesday,15,135,20,May,5,2,2007,1,4,2007,2
20061211,2006-12-11,2,Monday,11,345,50,December,12,4,2006,2,2,2007,1
20060820,2006-08-20,1,Sunday,20,232,34,August,8,3,2006,2,1,2007,1
20080623,2008-06-23,2,Monday,23,175,26,June,6,2,2008,1,4,2008,2
20060923,2006-09-23,7,Saturday,23,266,39,September,9,3,2006,2,1,2007,1
20070328,2007-03-28,4,Wednesday,28,87,13,March,3,1,2007,1,3,2007,2
20070123,2007-01-23,3,Tuesday,23,23,4,January,1,1,2007,1,3,2007,2
20050901,2005-09-01,5,Thursday,1,244,35,September,9,3,2005,2,1,2006,1
20060917,2006-09-17,1,Sunday,17,260,38,September,9,3,2006,2,1,2007,1
20050916,2005-09-16,6,Friday,16,259,38,September,9,3,2005,2,1,2006,1
20070625,2007-06-25,2,Monday,25,176,26,June,6,2,2007,1,4,2007,2
20071012,2007-10-12,6,Friday,12,285,42,October,10,4,2007,2,2,2008,1
20080823,2008-08-23,7,Saturday,23,236,35,August,8,3,2008,2,1,2009,1
20070516,2007-05-16,4,Wednesday,16,136,20,May,5,2,2007,1,4,2007,2
20060130,2006-01-30,2,Monday,30,30,5,January,1,1,2006,1,3,2006,2
20060429,2006-04-29,7,Saturday,29,119,18,April,4,2,2006,1,4,2006,2
20071011,2007-10-11,5,Thursday,11,284,41,October,10,4,2007,2,2,2008,1
20080428,2008-04-28,2,Monday,28,119,18,April,4,2,2008,1,4,2008,2
20080731,2008-07-31,5,Thursday,31,213,31,July,7,3,2008,2,1,2009,1
20080413,2008-04-13,1,Sunday,13,104,16,April,4,2,2008,1,4,2008,2
20050710,2005-07-10,1,Sunday,10,191,28,July,7,3,2005,2,1,2006,1
20060625,2006-06-25,1,Sunday,25,176,26,June,6,2,2006,1,4,2006,2
20070920,2007-09-20,5,Thursday,20,263,38,September,9,3,2007,2,1,2008,1
20060605,2006-06-05,2,Monday,5,156,23,June,6,2,2006,1,4,2006,2
20070529,2007-05-29,3,Tuesday,29,149,22,May,5,2,2007,1,4,2007,2
20071021,2007-10-21,1,Sunday,21,294,43,October,10,4,2007,2,2,2008,1
20060803,2006-08-03,5,Thursday,3,215,31,August,8,3,2006,2,1,2007,1
20051213,2005-12-13,3,Tuesday,13,347,50,December,12,4,2005,2,2,2006,1
20070411,2007-04-11,4,Wednesday,11,101,15,April,4,2,2007,1,4,2007,2
20070220,2007-02-20,3,Tuesday,20,51,8,February,2,1,2007,1,3,2007,2
20070225,2007-02-25,1,Sunday,25,56,9,February,2,1,2007,1,3,2007,2
20070717,2007-07-17,3,Tuesday,17,198,29,July,7,3,2007,2,1,2008,1
20051217,2005-12-17,7,Saturday,17,351,51,December,12,4,2005,2,2,2006,1
20071225,2007-12-25,3,Tuesday,25,359,52,December,12,4,2007,2,2,2008,1
20080703,2008-07-03,5,Thursday,3,185,27,July,7,3,2008,2,1,2009,1
20080507,2008-05-07,4,Wednesday,7,128,19,May,5,2,2008,1,4,2008,2
20070708,2007-07-08,1,Sunday,8,189,28,July,7,3,2007,2,1,2008,1
20060612,2006-06-12,2,Monday,12,163,24,June,6,2,2006,1,4,2006,2
20061010,2006-10-10,3,Tuesday,10,283,41,October,10,4,2006,2,2,2007,1
20050910,2005-09-10,7,Saturday,10,253,37,September,9,3,2005,2,1,2006,1
20061019,2006-10-19,5,Thursday,19,292,42,October,10,4,2006,2,2,2007,1
20050917,2005-09-17,7,Saturday,17,260,38,September,9,3,2005,2,1,2006,1
20101117,2010-11-17,4,Wednesday,17,321,46,November,11,4,2010,2,2,2011,1
20060116,2006-01-16,2,Monday,16,16,3,January,1,1,2006,1,3,2006,2
20101107,2010-11-07,1,Sunday,7,311,45,November,11,4,2010,2,2,2011,1
20080229,2008-02-29,6,Friday,29,60,10,February,2,1,2008,1,3,2008,2
20080101,2008-01-01,3,Tuesday,1,1,1,January,1,1,2008,1,3,2008,2
20070315,2007-03-15,5,Thursday,15,74,11,March,3,1,2007,1,3,2007,2
20060131,2006-01-31,3,Tuesday,31,31,5,January,1,1,2006,1,3,2006,2
20101119,2010-11-19,6,Friday,19,323,47,November,11,4,2010,2,2,2011,1
20061229,2006-12-29,6,Friday,29,363,53,December,12,4,2006,2,2,2007,1
20080504,2008-05-04,1,Sunday,4,125,19,May,5,2,2008,1,4,2008,2
20051010,2005-10-10,2,Monday,10,283,41,October,10,4,2005,2,2,2006,1
20051025,2005-10-25,3,Tuesday,25,298,43,October,10,4,2005,2,2,2006,1
20101114,2010-11-14,1,Sunday,14,318,46,November,11,4,2010,2,2,2011,1
20080724,2008-07-24,5,Thursday,24,206,30,July,7,3,2008,2,1,2009,1
20060401,2006-04-01,7,Saturday,1,91,14,April,4,2,2006,1,4,2006,2
20060829,2006-08-29,3,Tuesday,29,241,35,August,8,3,2006,2,1,2007,1
20060206,2006-02-06,2,Monday,6,37,6,February,2,1,2006,1,3,2006,2
20051026,2005-10-26,4,Wednesday,26,299,43,October,10,4,2005,2,2,2006,1
20050723,2005-07-23,7,Saturday,23,204,30,July,7,3,2005,2,1,2006,1
20070129,2007-01-29,2,Monday,29,29,5,January,1,1,2007,1,3,2007,2
20060105,2006-01-05,5,Thursday,5,5,1,January,1,1,2006,1,3,2006,2
20070419,2007-04-19,5,Thursday,19,109,16,April,4,2,2007,1,4,2007,2
20060903,2006-09-03,1,Sunday,3,246,36,September,9,3,2006,2,1,2007,1
20060828,2006-08-28,2,Monday,28,240,35,August,8,3,2006,2,1,2007,1
20060907,2006-09-07,5,Thursday,7,250,36,September,9,3,2006,2,1,2007,1
20051006,2005-10-06,5,Thursday,6,279,40,October,10,4,2005,2,2,2006,1
20080404,2008-04-04,6,Friday,4,95,15,April,4,2,2008,1,4,2008,2
20060808,2006-08-08,3,Tuesday,8,220,32,August,8,3,2006,2,1,2007,1
20070203,2007-02-03,7,Saturday,3,34,6,February,2,1,2007,1,3,2007,2
20060705,2006-07-05,4,Wednesday,5,186,27,July,7,3,2006,2,1,2007,1
20070628,2007-06-28,5,Thursday,28,179,26,June,6,2,2007,1,4,2007,2
20080626,2008-06-26,5,Thursday,26,178,26,June,6,2,2008,1,4,2008,2
20070303,2007-03-03,7,Saturday,3,62,10,March,3,1,2007,1,3,2007,2
20060312,2006-03-12,1,Sunday,12,71,11,March,3,1,2006,1,3,2006,2
20070228,2007-02-28,4,Wednesday,28,59,9,February,2,1,2007,1,3,2007,2
20071125,2007-11-25,1,Sunday,25,329,48,November,11,4,2007,2,2,2008,1
20101113,2010-11-13,7,Saturday,13,317,46,November,11,4,2010,2,2,2011,1
20060117,2006-01-17,3,Tuesday,17,17,3,January,1,1,2006,1,3,2006,2
20070924,2007-09-24,2,Monday,24,267,39,September,9,3,2007,2,1,2008,1
20051120,2005-11-20,1,Sunday,20,324,47,November,11,4,2005,2,2,2006,1
20050819,2005-08-19,6,Friday,19,231,34,August,8,3,2005,2,1,2006,1
20071104,2007-11-04,1,Sunday,4,308,45,November,11,4,2007,2,2,2008,1
20060108,2006-01-08,1,Sunday,8,8,2,January,1,1,2006,1,3,2006,2
20080523,2008-05-23,6,Friday,23,144,22,May,5,2,2008,1,4,2008,2
20051206,2005-12-06,3,Tuesday,6,340,49,December,12,4,2005,2,2,2006,1
20060819,2006-08-19,7,Saturday,19,231,34,August,8,3,2006,2,1,2007,1
20060701,2006-07-01,7,Saturday,1,182,27,July,7,3,2006,2,1,2007,1
20061029,2006-10-29,1,Sunday,29,302,44,October,10,4,2006,2,2,2007,1
20061028,2006-10-28,7,Saturday,28,301,44,October,10,4,2006,2,2,2007,1
20080411,2008-04-11,6,Friday,11,102,16,April,4,2,2008,1,4,2008,2
20060204,2006-02-04,7,Saturday,4,35,6,February,2,1,2006,1,3,2006,2
20050720,2005-07-20,4,Wednesday,20,201,29,July,7,3,2005,2,1,2006,1
20050820,2005-08-20,7,Saturday,20,232,34,August,8,3,2005,2,1,2006,1
20080707,2008-07-07,2,Monday,7,189,28,July,7,3,2008,2,1,2009,1
20070525,2007-05-25,6,Friday,25,145,22,May,5,2,2007,1,4,2007,2
20070522,2007-05-22,3,Tuesday,22,142,21,May,5,2,2007,1,4,2007,2
20070906,2007-09-06,5,Thursday,6,249,36,September,9,3,2007,2,1,2008,1
20051018,2005-10-18,3,Tuesday,18,291,42,October,10,4,2005,2,2,2006,1
20070729,2007-07-29,1,Sunday,29,210,31,July,7,3,2007,2,1,2008,1
20060805,2006-08-05,7,Saturday,5,217,32,August,8,3,2006,2,1,2007,1
20070112,2007-01-12,6,Friday,12,12,3,January,1,1,2007,1,3,2007,2
20061030,2006-10-30,2,Monday,30,303,44,October,10,4,2006,2,2,2007,1
20071009,2007-10-09,3,Tuesday,9,282,41,October,10,4,2007,2,2,2008,1
20080419,2008-04-19,7,Saturday,19,110,17,April,4,2,2008,1,4,2008,2
20080227,2008-02-27,4,Wednesday,27,58,9,February,2,1,2008,1,3,2008,2
20070301,2007-03-01,5,Thursday,1,60,9,March,3,1,2007,1,3,2007,2
20060601,2006-06-01,5,Thursday,1,152,22,June,6,2,2006,1,4,2006,2
20051204,2005-12-04,1,Sunday,4,338,49,December,12,4,2005,2,2,2006,1
20080110,2008-01-10,5,Thursday,10,10,2,January,1,1,2008,1,3,2008,2
20071115,2007-11-15,5,Thursday,15,319,46,November,11,4,2007,2,2,2008,1
20080205,2008-02-05,3,Tuesday,5,36,6,February,2,1,2008,1,3,2008,2
20080330,2008-03-30,1,Sunday,30,90,14,March,3,1,2008,1,3,2008,2
20070513,2007-05-13,1,Sunday,13,133,20,May,5,2,2007,1,4,2007,2
20060309,2006-03-09,5,Thursday,9,68,10,March,3,1,2006,1,3,2006,2
20080608,2008-06-08,1,Sunday,8,160,24,June,6,2,2008,1,4,2008,2
20080327,2008-03-27,5,Thursday,27,87,13,March,3,1,2008,1,3,2008,2
20070528,2007-05-28,2,Monday,28,148,22,May,5,2,2007,1,4,2007,2
20080425,2008-04-25,6,Friday,25,116,18,April,4,2,2008,1,4,2008,2
20061020,2006-10-20,6,Friday,20,293,43,October,10,4,2006,2,2,2007,1
20060630,2006-06-30,6,Friday,30,181,27,June,6,2,2006,1,4,2006,2
20051109,2005-11-09,4,Wednesday,9,313,45,November,11,4,2005,2,2,2006,1
20060901,2006-09-01,6,Friday,1,244,36,September,9,3,2006,2,1,2007,1
20080219,2008-02-19,3,Tuesday,19,50,8,February,2,1,2008,1,3,2008,2
20080316,2008-03-16,1,Sunday,16,76,12,March,3,1,2008,1,3,2008,2
20070616,2007-06-16,7,Saturday,16,167,25,June,6,2,2007,1,4,2007,2
20060528,2006-05-28,1,Sunday,28,148,22,May,5,2,2006,1,4,2006,2
20060910,2006-09-10,1,Sunday,10,253,37,September,9,3,2006,2,1,2007,1
20080501,2008-05-01,5,Thursday,1,122,18,May,5,2,2008,1,4,2008,2
20080222,2008-02-22,6,Friday,22,53,9,February,2,1,2008,1,3,2008,2
20070306,2007-03-06,3,Tuesday,6,65,10,March,3,1,2007,1,3,2007,2
20071207,2007-12-07,6,Friday,7,341,50,December,12,4,2007,2,2,2008,1
20070607,2007-06-07,5,Thursday,7,158,23,June,6,2,2007,1,4,2007,2
20080521,2008-05-21,4,Wednesday,21,142,21,May,5,2,2008,1,4,2008,2
20060409,2006-04-09,1,Sunday,9,99,15,April,4,2,2006,1,4,2006,2
20070404,2007-04-04,4,Wednesday,4,94,14,April,4,2,2007,1,4,2007,2
20060716,2006-07-16,1,Sunday,16,197,29,July,7,3,2006,2,1,2007,1
20070814,2007-08-14,3,Tuesday,14,226,33,August,8,3,2007,2,1,2008,1
20050918,2005-09-18,1,Sunday,18,261,38,September,9,3,2005,2,1,2006,1
20070418,2007-04-18,4,Wednesday,18,108,16,April,4,2,2007,1,4,2007,2
20071114,2007-11-14,4,Wednesday,14,318,46,November,11,4,2007,2,2,2008,1
20080718,2008-07-18,6,Friday,18,200,30,July,7,3,2008,2,1,2009,1
20050926,2005-09-26,2,Monday,26,269,39,September,9,3,2005,2,1,2006,1
20070413,2007-04-13,6,Friday,13,103,16,April,4,2,2007,1,4,2007,2
20060420,2006-04-20,5,Thursday,20,110,16,April,4,2,2006,1,4,2006,2
20061005,2006-10-05,5,Thursday,5,278,40,October,10,4,2006,2,2,2007,1
20060224,2006-02-24,6,Friday,24,55,9,February,2,1,2006,1,3,2006,2
20071124,2007-11-24,7,Saturday,24,328,48,November,11,4,2007,2,2,2008,1
20060314,2006-03-14,3,Tuesday,14,73,11,March,3,1,2006,1,3,2006,2
20070325,2007-03-25,1,Sunday,25,84,13,March,3,1,2007,1,3,2007,2
20060920,2006-09-20,4,Wednesday,20,263,38,September,9,3,2006,2,1,2007,1
20050801,2005-08-01,2,Monday,1,213,31,August,8,3,2005,2,1,2006,1
20070523,2007-05-23,4,Wednesday,23,143,21,May,5,2,2007,1,4,2007,2
20080320,2008-03-20,5,Thursday,20,80,12,March,3,1,2008,1,3,2008,2
20070728,2007-07-28,7,Saturday,28,209,31,July,7,3,2007,2,1,2008,1
20050825,2005-08-25,5,Thursday,25,237,34,August,8,3,2005,2,1,2006,1
20060617,2006-06-17,7,Saturday,17,168,25,June,6,2,2006,1,4,2006,2
20071204,2007-12-04,3,Tuesday,4,338,49,December,12,4,2007,2,2,2008,1
20050722,2005-07-22,6,Friday,22,203,30,July,7,3,2005,2,1,2006,1
20080324,2008-03-24,2,Monday,24,84,13,March,3,1,2008,1,3,2008,2
20050804,2005-08-04,5,Thursday,4,216,31,August,8,3,2005,2,1,2006,1
20050802,2005-08-02,3,Tuesday,2,214,31,August,8,3,2005,2,1,2006,1
20060715,2006-07-15,7,Saturday,15,196,29,July,7,3,2006,2,1,2007,1
20080126,2008-01-26,7,Saturday,26,26,5,January,1,1,2008,1,3,2008,2
20080122,2008-01-22,3,Tuesday,22,22,4,January,1,1,2008,1,3,2008,2
20070307,2007-03-07,4,Wednesday,7,66,10,March,3,1,2007,1,3,2007,2
20070107,2007-01-07,1,Sunday,7,7,2,January,1,1,2007,1,3,2007,2
20050912,2005-09-12,2,Monday,12,255,37,September,9,3,2005,2,1,2006,1
20061001,2006-10-01,1,Sunday,1,274,40,October,10,4,2006,2,2,2007,1
20060826,2006-08-26,7,Saturday,26,238,35,August,8,3,2006,2,1,2007,1
20061118,2006-11-18,7,Saturday,18,322,46,November,11,4,2006,2,2,2007,1
20051222,2005-12-22,5,Thursday,22,356,51,December,12,4,2005,2,2,2006,1
20060711,2006-07-11,3,Tuesday,11,192,28,July,7,3,2006,2,1,2007,1
20080509,2008-05-09,6,Friday,9,130,20,May,5,2,2008,1,4,2008,2
20061015,2006-10-15,1,Sunday,15,288,42,October,10,4,2006,2,2,2007,1
20060102,2006-01-02,2,Monday,2,2,1,January,1,1,2006,1,3,2006,2
20070527,2007-05-27,1,Sunday,27,147,22,May,5,2,2007,1,4,2007,2
20080112,2008-01-12,7,Saturday,12,12,3,January,1,1,2008,1,3,2008,2
20060327,2006-03-27,2,Monday,27,86,13,March,3,1,2006,1,3,2006,2
20060918,2006-09-18,2,Monday,18,261,38,September,9,3,2006,2,1,2007,1
20080524,2008-05-24,7,Saturday,24,145,22,May,5,2,2008,1,4,2008,2
20070925,2007-09-25,3,Tuesday,25,268,39,September,9,3,2007,2,1,2008,1
20070622,2007-06-22,6,Friday,22,173,26,June,6,2,2007,1,4,2007,2
20060430,2006-04-30,1,Sunday,30,120,18,April,4,2,2006,1,4,2006,2
20051012,2005-10-12,4,Wednesday,12,285,41,October,10,4,2005,2,2,2006,1
20060321,2006-03-21,3,Tuesday,21,80,12,March,3,1,2006,1,3,2006,2
20061122,2006-11-22,4,Wednesday,22,326,47,November,11,4,2006,2,2,2007,1
20060929,2006-09-29,6,Friday,29,272,40,September,9,3,2006,2,1,2007,1
20101129,2010-11-29,2,Monday,29,333,48,November,11,4,2010,2,2,2011,1
20050824,2005-08-24,4,Wednesday,24,236,34,August,8,3,2005,2,1,2006,1
20070329,2007-03-29,5,Thursday,29,88,13,March,3,1,2007,1,3,2007,2
20060222,2006-02-22,4,Wednesday,22,53,8,February,2,1,2006,1,3,2006,2
20071211,2007-12-11,3,Tuesday,11,345,50,December,12,4,2007,2,2,2008,1
20071031,2007-10-31,4,Wednesday,31,304,44,October,10,4,2007,2,2,2008,1
20101102,2010-11-02,3,Tuesday,2,306,44,November,11,4,2010,2,2,2011,1
20060308,2006-03-08,4,Wednesday,8,67,10,March,3,1,2006,1,3,2006,2
20101123,2010-11-23,3,Tuesday,23,327,47,November,11,4,2010,2,2,2011,1
20061006,2006-10-06,6,Friday,6,279,41,October,10,4,2006,2,2,2007,1
20080816,2008-08-16,7,Saturday,16,229,34,August,8,3,2008,2,1,2009,1
20051030,2005-10-30,1,Sunday,30,303,44,October,10,4,2005,2,2,2006,1
20080210,2008-02-10,1,Sunday,10,41,7,February,2,1,2008,1,3,2008,2
20080628,2008-06-28,7,Saturday,28,180,27,June,6,2,2008,1,4,2008,2
20070514,2007-05-14,2,Monday,14,134,20,May,5,2,2007,1,4,2007,2
20060423,2006-04-23,1,Sunday,23,113,17,April,4,2,2006,1,4,2006,2
20070310,2007-03-10,7,Saturday,10,69,11,March,3,1,2007,1,3,2007,2
20070818,2007-08-18,7,Saturday,18,230,34,August,8,3,2007,2,1,2008,1
20060329,2006-03-29,4,Wednesday,29,88,13,March,3,1,2006,1,3,2006,2
20060620,2006-06-20,3,Tuesday,20,171,25,June,6,2,2006,1,4,2006,2
20061022,2006-10-22,1,Sunday,22,295,43,October,10,4,2006,2,2,2007,1
20070222,2007-02-22,5,Thursday,22,53,8,February,2,1,2007,1,3,2007,2
20071222,2007-12-22,7,Saturday,22,356,52,December,12,4,2007,2,2,2008,1
20060905,2006-09-05,3,Tuesday,5,248,36,September,9,3,2006,2,1,2007,1
20080319,2008-03-19,4,Wednesday,19,79,12,March,3,1,2008,1,3,2008,2
20051119,2005-11-19,7,Saturday,19,323,47,November,11,4,2005,2,2,2006,1
20071016,2007-10-16,3,Tuesday,16,289,42,October,10,4,2007,2,2,2008,1
20050813,2005-08-13,7,Saturday,13,225,33,August,8,3,2005,2,1,2006,1
20080814,2008-08-14,5,Thursday,14,227,33,August,8,3,2008,2,1,2009,1
20061231,2006-12-31,1,Sunday,31,365,53,December,12,4,2006,2,2,2007,1
20071001,2007-10-01,2,Monday,1,274,40,October,10,4,2007,2,2,2008,1
20050810,2005-08-10,4,Wednesday,10,222,32,August,8,3,2005,2,1,2006,1
20070929,2007-09-29,7,Saturday,29,272,40,September,9,3,2007,2,1,2008,1
20060818,2006-08-18,6,Friday,18,230,34,August,8,3,2006,2,1,2007,1
20070422,2007-04-22,1,Sunday,22,112,17,April,4,2,2007,1,4,2007,2
20080329,2008-03-29,7,Saturday,29,89,14,March,3,1,2008,1,3,2008,2
20060304,2006-03-04,7,Saturday,4,63,10,March,3,1,2006,1,3,2006,2
20071120,2007-11-20,3,Tuesday,20,324,47,November,11,4,2007,2,2,2008,1
20060810,2006-08-10,5,Thursday,10,222,32,August,8,3,2006,2,1,2007,1
20080518,2008-05-18,1,Sunday,18,139,21,May,5,2,2008,1,4,2008,2
20080714,2008-07-14,2,Monday,14,196,29,July,7,3,2008,2,1,2009,1
20070611,2007-06-11,2,Monday,11,162,24,June,6,2,2007,1,4,2007,2
20060618,2006-06-18,1,Sunday,18,169,25,June,6,2,2006,1,4,2006,2
20070405,2007-04-05,5,Thursday,5,95,14,April,4,2,2007,1,4,2007,2
20070122,2007-01-22,2,Monday,22,22,4,January,1,1,2007,1,3,2007,2
20080420,2008-04-20,1,Sunday,20,111,17,April,4,2,2008,1,4,2008,2
20060626,2006-06-26,2,Monday,26,177,26,June,6,2,2006,1,4,2006,2
20080610,2008-06-10,3,Tuesday,10,162,24,June,6,2,2008,1,4,2008,2
20060214,2006-02-14,3,Tuesday,14,45,7,February,2,1,2006,1,3,2006,2
20070907,2007-09-07,6,Friday,7,250,37,September,9,3,2007,2,1,2008,1
20050704,2005-07-04,2,Monday,4,185,27,July,7,3,2005,2,1,2006,1
20061018,2006-10-18,4,Wednesday,18,291,42,October,10,4,2006,2,2,2007,1
20080722,2008-07-22,3,Tuesday,22,204,30,July,7,3,2008,2,1,2009,1
20080716,2008-07-16,4,Wednesday,16,198,29,July,7,3,2008,2,1,2009,1
20070619,2007-06-19,3,Tuesday,19,170,25,June,6,2,2007,1,4,2007,2
20070825,2007-08-25,7,Saturday,25,237,35,August,8,3,2007,2,1,2008,1
20070819,2007-08-19,1,Sunday,19,231,34,August,8,3,2007,2,1,2008,1
20060727,2006-07-27,5,Thursday,27,208,30,July,7,3,2006,2,1,2007,1
20080615,2008-06-15,1,Sunday,15,167,25,June,6,2,2008,1,4,2008,2
20061104,2006-11-04,7,Saturday,4,308,44,November,11,4,2006,2,2,2007,1
20101122,2010-11-22,2,Monday,22,326,47,November,11,4,2010,2,2,2011,1
20070403,2007-04-03,3,Tuesday,3,93,14,April,4,2,2007,1,4,2007,2
20050927,2005-09-27,3,Tuesday,27,270,39,September,9,3,2005,2,1,2006,1
20050826,2005-08-26,6,Friday,26,238,35,August,8,3,2005,2,1,2006,1
20060710,2006-07-10,2,Monday,10,191,28,July,7,3,2006,2,1,2007,1
20050716,2005-07-16,7,Saturday,16,197,29,July,7,3,2005,2,1,2006,1
20080302,2008-03-02,1,Sunday,2,62,10,March,3,1,2008,1,3,2008,2
20080412,2008-04-12,7,Saturday,12,103,16,April,4,2,2008,1,4,2008,2
20060412,2006-04-12,4,Wednesday,12,102,15,April,4,2,2006,1,4,2006,2
20071227,2007-12-27,5,Thursday,27,361,52,December,12,4,2007,2,2,2008,1
20050718,2005-07-18,2,Monday,18,199,29,July,7,3,2005,2,1,2006,1
20080614,2008-06-14,7,Saturday,14,166,25,June,6,2,2008,1,4,2008,2
20071213,2007-12-13,5,Thursday,13,347,50,December,12,4,2007,2,2,2008,1
20061110,2006-11-10,6,Friday,10,314,45,November,11,4,2006,2,2,2007,1
20080522,2008-05-22,5,Thursday,22,143,21,May,5,2,2008,1,4,2008,2
20070608,2007-06-08,6,Friday,8,159,24,June,6,2,2007,1,4,2007,2
20060427,2006-04-27,5,Thursday,27,117,17,April,4,2,2006,1,4,2006,2
20070104,2007-01-04,5,Thursday,4,4,1,January,1,1,2007,1,3,2007,2
20050905,2005-09-05,2,Monday,5,248,36,September,9,3,2005,2,1,2006,1
20101127,2010-11-27,7,Saturday,27,331,48,November,11,4,2010,2,2,2011,1
20060712,2006-07-12,4,Wednesday,12,193,28,July,7,3,2006,2,1,2007,1
20071116,2007-11-16,6,Friday,16,320,47,November,11,4,2007,2,2,2008,1
20061007,2006-10-07,7,Saturday,7,280,41,October,10,4,2006,2,2,2007,1
20060928,2006-09-28,5,Thursday,28,271,39,September,9,3,2006,2,1,2007,1
20070706,2007-07-06,6,Friday,6,187,28,July,7,3,2007,2,1,2008,1
20071122,2007-11-22,5,Thursday,22,326,47,November,11,4,2007,2,2,2008,1
20080829,2008-08-29,6,Friday,29,242,36,August,8,3,2008,2,1,2009,1
20070128,2007-01-28,1,Sunday,28,28,5,January,1,1,2007,1,3,2007,2
20051022,2005-10-22,7,Saturday,22,295,43,October,10,4,2005,2,2,2006,1
20060627,2006-06-27,3,Tuesday,27,178,26,June,6,2,2006,1,4,2006,2
20070623,2007-06-23,7,Saturday,23,174,26,June,6,2,2007,1,4,2007,2
20070520,2007-05-20,1,Sunday,20,140,21,May,5,2,2007,1,4,2007,2
20070807,2007-08-07,3,Tuesday,7,219,32,August,8,3,2007,2,1,2008,1
20060419,2006-04-19,4,Wednesday,19,109,16,April,4,2,2006,1,4,2006,2
20050903,2005-09-03,7,Saturday,3,246,36,September,9,3,2005,2,1,2006,1
20070911,2007-09-11,3,Tuesday,11,254,37,September,9,3,2007,2,1,2008,1
20051111,2005-11-11,6,Friday,11,315,46,November,11,4,2005,2,2,2006,1
20080214,2008-02-14,5,Thursday,14,45,7,February,2,1,2008,1,3,2008,2
20060513,2006-05-13,7,Saturday,13,133,20,May,5,2,2006,1,4,2006,2
20080625,2008-06-25,4,Wednesday,25,177,26,June,6,2,2008,1,4,2008,2
20060703,2006-07-03,2,Monday,3,184,27,July,7,3,2006,2,1,2007,1
20061101,2006-11-01,4,Wednesday,1,305,44,November,11,4,2006,2,2,2007,1
20070213,2007-02-13,3,Tuesday,13,44,7,February,2,1,2007,1,3,2007,2
20070106,2007-01-06,7,Saturday,6,6,2,January,1,1,2007,1,3,2007,2
20060110,2006-01-10,3,Tuesday,10,10,2,January,1,1,2006,1,3,2006,2
20060811,2006-08-11,6,Friday,11,223,33,August,8,3,2006,2,1,2007,1
20070731,2007-07-31,3,Tuesday,31,212,31,July,7,3,2007,2,1,2008,1
20080325,2008-03-25,3,Tuesday,25,85,13,March,3,1,2008,1,3,2008,2
20071024,2007-10-24,4,Wednesday,24,297,43,October,10,4,2007,2,2,2008,1
20080308,2008-03-08,7,Saturday,8,68,11,March,3,1,2008,1,3,2008,2
20060709,2006-07-09,1,Sunday,9,190,28,July,7,3,2006,2,1,2007,1
20060526,2006-05-26,6,Friday,26,146,22,May,5,2,2006,1,4,2006,2
20060211,2006-02-11,7,Saturday,11,42,7,February,2,1,2006,1,3,2006,2
20070730,2007-07-30,2,Monday,30,211,31,July,7,3,2007,2,1,2008,1
20061025,2006-10-25,4,Wednesday,25,298,43,October,10,4,2006,2,2,2007,1
20050727,2005-07-27,4,Wednesday,27,208,30,July,7,3,2005,2,1,2006,1
20060815,2006-08-15,3,Tuesday,15,227,33,August,8,3,2006,2,1,2007,1
20060317,2006-03-17,6,Friday,17,76,12,March,3,1,2006,1,3,2006,2
20080818,2008-08-18,2,Monday,18,231,34,August,8,3,2008,2,1,2009,1
20060106,2006-01-06,6,Friday,6,6,2,January,1,1,2006,1,3,2006,2
20070803,2007-08-03,6,Friday,3,215,32,August,8,3,2007,2,1,2008,1
20070908,2007-09-08,7,Saturday,8,251,37,September,9,3,2007,2,1,2008,1
20071013,2007-10-13,7,Saturday,13,286,42,October,10,4,2007,2,2,2008,1
20060728,2006-07-28,6,Friday,28,209,31,July,7,3,2006,2,1,2007,1
20080418,2008-04-18,6,Friday,18,109,17,April,4,2,2008,1,4,2008,2
